gene,carbon_source,fitness,overall_disruption
b0002,ac,-3.5309999999999997,primary_full
b0002,fru,-4.139,primary_full
b0002,glc__D,-3.66175,primary_full
b0002,glyc,-3.8625,primary_full
b0002,lac__D,-4.789,primary_full
b0002,pyr,-3.566,primary_full
b0002,rib__D,-3.596,primary_full
b0002,succ,-3.8259999999999996,primary_full
b0002,xyl__D,-4.019,primary_full
b0003,ac,-3.7960000000000003,complete
b0003,fru,-3.5140000000000002,complete
b0003,glc__D,-3.4995000000000003,complete
b0003,glyc,-3.0860000000000003,complete
b0003,lac__D,-4.3945,complete
b0003,pyr,-3.113,complete
b0003,rib__D,-4.398,complete
b0003,succ,-4.58,complete
b0003,xyl__D,-4.502,complete
b0004,ac,-4.7555,complete
b0004,fru,-5.155,complete
b0004,glc__D,-4.6290000000000004,complete
b0004,glyc,-3.154,complete
b0004,lac__D,-5.515499999999999,complete
b0004,pyr,-4.368,complete
b0004,rib__D,-3.936,complete
b0004,succ,-4.9864999999999995,complete
b0004,xyl__D,-4.9719999999999995,complete
b0032,ac,-2.6254999999999997,complete
b0032,fru,-3.3609999999999998,complete
b0032,glc__D,-3.49825,complete
b0032,glyc,-3.6790000000000003,complete
b0032,lac__D,-2.8855,complete
b0032,pyr,-3.5605,complete
b0032,rib__D,-2.996,complete
b0032,succ,-4.3015,complete
b0032,xyl__D,-3.169,complete
b0033,ac,-3.9635,complete
b0033,fru,-3.8665000000000003,complete
b0033,glc__D,-3.968,complete
b0033,glyc,-4.2025,complete
b0033,lac__D,-4.0705,complete
b0033,pyr,-4.0365,complete
b0033,rib__D,-3.4539999999999997,complete
b0033,succ,-4.6345,complete
b0033,xyl__D,-3.5115,complete
b0071,ac,-5.041,complete
b0071,fru,-5.2684999999999995,complete
b0071,glc__D,-4.656750000000001,complete
b0071,glyc,-4.2275,complete
b0071,lac__D,-5.462,complete
b0071,pyr,-4.1335,complete
b0071,rib__D,-5.085,complete
b0071,succ,-4.7985,complete
b0071,xyl__D,-5.3735,complete
b0072,ac,-5.035,complete
b0072,fru,-5.032,complete
b0072,glc__D,-4.77775,complete
b0072,glyc,-4.2445,complete
b0072,lac__D,-5.4905,complete
b0072,pyr,-3.6205,complete
b0072,rib__D,-4.912,complete
b0072,succ,-5.1125,complete
b0072,xyl__D,-5.3785,complete
b0073,ac,-5.369999999999999,primary_full
b0073,fru,-5.1185,primary_full
b0073,glc__D,-4.83625,primary_full
b0073,glyc,-4.134,primary_full
b0073,lac__D,-5.406,primary_full
b0073,pyr,-4.129,primary_full
b0073,rib__D,-5.557499999999999,primary_full
b0073,succ,-4.4094999999999995,primary_full
b0073,xyl__D,-5.4145,primary_full
b0074,ac,-4.9375,complete
b0074,fru,-4.4719999999999995,complete
b0074,glc__D,-4.51675,complete
b0074,glyc,-3.979,complete
b0074,lac__D,-5.3475,complete
b0074,pyr,-3.779,complete
b0074,rib__D,-4.853,complete
b0074,succ,-4.7,complete
b0074,xyl__D,-4.818,complete
b0077,ac,-0.1485,primary_partial
b0077,fru,-1.577,primary_partial
b0077,glc__D,-1.85275,primary_partial
b0077,glyc,-0.9515,primary_partial
b0077,lac__D,-2.6870000000000003,primary_partial
b0077,pyr,-3.6950000000000003,primary_partial
b0077,rib__D,-1.212,primary_partial
b0077,succ,-0.9715,primary_partial
b0077,xyl__D,-1.916,primary_partial
b0078,ac,-0.8115,primary_partial
b0078,fru,-1.7585000000000002,primary_partial
b0078,glc__D,-1.83325,primary_partial
b0078,glyc,-0.755,primary_partial
b0078,lac__D,-2.8965,primary_partial
b0078,pyr,-3.487,primary_partial
b0078,rib__D,-1.3155000000000001,primary_partial
b0078,succ,-1.3,primary_partial
b0078,xyl__D,-1.9325,primary_partial
b0118,ac,-2.9835000000000003,primary_partial
b0118,fru,-3.1105,primary_partial
b0118,glc__D,-2.4355,primary_partial
b0118,glyc,-2.5385,primary_partial
b0118,lac__D,-2.814,primary_partial
b0118,pyr,-2.559,primary_partial
b0118,rib__D,-2.94,primary_partial
b0118,succ,-2.8985000000000003,primary_partial
b0118,xyl__D,-2.947,primary_partial
b0241,ac,0.10650000000000001,primary_partial
b0241,fru,0.095,primary_partial
b0241,glc__D,0.06875,primary_partial
b0241,glyc,0.0885,primary_partial
b0241,lac__D,0.0635,primary_partial
b0241,pyr,0.07400000000000001,primary_partial
b0241,rib__D,0.0475,primary_partial
b0241,succ,0.0785,primary_partial
b0241,xyl__D,0.066,primary_partial
b0242,ac,-5.560499999999999,complete
b0242,fru,-4.4695,complete
b0242,glc__D,-4.148,complete
b0242,glyc,-3.7995,complete
b0242,lac__D,-5.541499999999999,complete
b0242,pyr,-3.893,complete
b0242,rib__D,-6.297000000000001,complete
b0242,succ,-5.1805,complete
b0242,xyl__D,-4.946,complete
b0243,ac,-5.1055,complete
b0243,fru,-4.405,complete
b0243,glc__D,-4.17325,complete
b0243,glyc,-3.8499999999999996,complete
b0243,lac__D,-5.2165,complete
b0243,pyr,-3.7965,complete
b0243,rib__D,-4.3919999999999995,complete
b0243,succ,-4.7204999999999995,complete
b0243,xyl__D,-4.5725,complete
b0273,ac,0.0585,primary_partial
b0273,fru,0.155,primary_partial
b0273,glc__D,0.06925,primary_partial
b0273,glyc,0.17049999999999998,primary_partial
b0273,lac__D,0.172,primary_partial
b0273,pyr,0.0535,primary_partial
b0273,rib__D,-0.012999999999999998,primary_partial
b0273,succ,0.135,primary_partial
b0273,xyl__D,0.094,primary_partial
b0339,ac,-0.009000000000000001,primary_partial
b0339,fru,-0.17600000000000002,primary_partial
b0339,glc__D,-0.03325000000000001,primary_partial
b0339,glyc,-0.2775,primary_partial
b0339,lac__D,-0.129,primary_partial
b0339,pyr,0.191,primary_partial
b0339,rib__D,0.49850000000000005,primary_partial
b0339,succ,0.276,primary_partial
b0339,xyl__D,0.081,primary_partial
b0383,ac,0.40449999999999997,primary_partial
b0383,fru,0.13,primary_partial
b0383,glc__D,0.0275,primary_partial
b0383,glyc,0.036,primary_partial
b0383,lac__D,0.266,primary_partial
b0383,pyr,0.2125,primary_partial
b0383,rib__D,0.185,primary_partial
b0383,succ,0.3275,primary_partial
b0383,xyl__D,0.17,primary_partial
b0386,ac,-5.051,complete
b0386,fru,-4.4445,complete
b0386,glc__D,-4.3305,complete
b0386,glyc,-4.16,complete
b0386,lac__D,-5.3165,complete
b0386,pyr,-3.9695,complete
b0386,rib__D,-5.094,complete
b0386,succ,-4.839499999999999,complete
b0386,xyl__D,-4.402,complete
b0388,ac,1.1825,primary_partial
b0388,fru,0.026,primary_partial
b0388,glc__D,-0.22075,primary_partial
b0388,glyc,0.23099999999999998,primary_partial
b0388,lac__D,0.385,primary_partial
b0388,pyr,0.6525,primary_partial
b0388,rib__D,1.041,primary_partial
b0388,succ,0.237,primary_partial
b0388,xyl__D,0.47850000000000004,primary_partial
b0522,ac,-4.9395,complete
b0522,fru,-4.1245,complete
b0522,glc__D,-4.2067499999999995,complete
b0522,glyc,-1.228,complete
b0522,lac__D,-5.021,complete
b0522,pyr,-4.0095,complete
b0522,rib__D,-4.292,complete
b0522,succ,-4.413,complete
b0522,xyl__D,-4.0755,complete
b0523,ac,-4.3545,complete
b0523,fru,-4.4655000000000005,complete
b0523,glc__D,-3.7105,complete
b0523,glyc,-0.9590000000000001,complete
b0523,lac__D,-5.18,complete
b0523,pyr,-3.6525,complete
b0523,rib__D,-4.7255,complete
b0523,succ,-3.7125,complete
b0523,xyl__D,-5.1585,complete
b0720,ac,-4.666,complete
b0720,fru,-3.2729999999999997,complete
b0720,glc__D,-3.715,complete
b0720,glyc,-3.3360000000000003,complete
b0720,lac__D,-4.9595,complete
b0720,pyr,-3.5164999999999997,complete
b0720,rib__D,-4.250500000000001,complete
b0720,succ,-2.6835,complete
b0720,xyl__D,-3.143,complete
b0754,ac,0.0275,primary_partial
b0754,fru,-0.377,primary_partial
b0754,glc__D,-0.36124999999999996,primary_partial
b0754,glyc,-0.1095,primary_partial
b0754,lac__D,-0.137,primary_partial
b0754,pyr,0.2025,primary_partial
b0754,rib__D,-0.1815,primary_partial
b0754,succ,-0.077,primary_partial
b0754,xyl__D,-0.050499999999999996,primary_partial
b0755,fru,-1.129,primary_full
b0755,glc__D,-1.61375,primary_full
b0755,glyc,-0.6890000000000001,primary_full
b0755,rib__D,-0.768,primary_full
b0755,xyl__D,-0.983,primary_full
b0904,ac,-0.4145,primary_partial
b0904,fru,0.1245,primary_partial
b0904,glc__D,0.009250000000000001,primary_partial
b0904,glyc,-0.058499999999999996,primary_partial
b0904,lac__D,-0.091,primary_partial
b0904,pyr,-0.0475,primary_partial
b0904,rib__D,-0.0175,primary_partial
b0904,succ,-0.1545,primary_partial
b0904,xyl__D,-0.16999999999999998,primary_partial
b0907,ac,-5.6405,complete
b0907,fru,-5.1905,complete
b0907,glc__D,-5.023,complete
b0907,glyc,-3.238,complete
b0907,lac__D,-6.2755,complete
b0907,pyr,-4.3305,complete
b0907,rib__D,-5.385999999999999,complete
b0907,succ,-4.545,complete
b0907,xyl__D,-5.4765,complete
b0908,ac,-4.614,complete
b0908,fru,-5.269500000000001,complete
b0908,glc__D,-4.34275,complete
b0908,glyc,-4.515499999999999,complete
b0908,lac__D,-5.218500000000001,complete
b0908,pyr,-4.2155000000000005,complete
b0908,rib__D,-4.448499999999999,complete
b0908,succ,-4.1005,complete
b0908,xyl__D,-4.805,complete
b0928,ac,-1.6375000000000002,primary_partial
b0928,fru,-2.059,primary_partial
b0928,glc__D,-2.9162500000000002,primary_partial
b0928,glyc,-2.5915,primary_partial
b0928,lac__D,-1.323,primary_partial
b0928,pyr,-2.0095,primary_partial
b0928,rib__D,-1.609,primary_partial
b0928,succ,-0.429,primary_partial
b0928,xyl__D,-2.176,primary_partial
b0929,ac,-0.248,primary_partial
b0929,fru,-0.382,primary_partial
b0929,glc__D,-0.5085,primary_partial
b0929,glyc,-0.43599999999999994,primary_partial
b0929,lac__D,-0.46599999999999997,primary_partial
b0929,pyr,-0.3215,primary_partial
b0929,rib__D,-0.368,primary_partial
b0929,succ,-0.6155,primary_partial
b0929,xyl__D,-0.642,primary_partial
b1062,ac,-4.2395,complete
b1062,fru,-3.4444999999999997,complete
b1062,glc__D,-3.338,complete
b1062,glyc,-3.956,complete
b1062,lac__D,-3.0925000000000002,complete
b1062,pyr,-3.229,complete
b1062,rib__D,-3.31,complete
b1062,succ,-4.6905,complete
b1062,xyl__D,-3.639,complete
b1095,ac,2.0915,primary_partial
b1095,fru,0.525,primary_partial
b1095,glc__D,0.23125,primary_partial
b1095,glyc,0.9655,primary_partial
b1095,lac__D,1.2240000000000002,primary_partial
b1095,pyr,1.8305,primary_partial
b1095,rib__D,1.2654999999999998,primary_partial
b1095,succ,0.1765,primary_partial
b1095,xyl__D,0.836,primary_partial
b1101,glc__D,-0.9575,primary_full
b1260,ac,-6.739,complete
b1260,fru,-6.7295,complete
b1260,glc__D,-5.12275,complete
b1260,glyc,-2.449,complete
b1260,lac__D,-6.593,complete
b1260,pyr,-4.763999999999999,complete
b1260,rib__D,-4.532,complete
b1260,succ,-5.375,complete
b1260,xyl__D,-4.577999999999999,complete
b1261,ac,-6.6739999999999995,complete
b1261,fru,-5.724,complete
b1261,glc__D,-4.68825,complete
b1261,glyc,-2.6180000000000003,complete
b1261,lac__D,-6.1845,complete
b1261,pyr,-5.2405,complete
b1261,rib__D,-5.693,complete
b1261,succ,-3.9124999999999996,complete
b1261,xyl__D,-5.2170000000000005,complete
b1262,ac,-2.8,complete
b1262,fru,-2.708,complete
b1262,glc__D,-3.39075,complete
b1262,glyc,-2.8085,complete
b1262,lac__D,-2.296,complete
b1262,pyr,-1.8820000000000001,complete
b1262,rib__D,-2.4215,complete
b1262,succ,-2.1624999999999996,complete
b1262,xyl__D,-3.3185000000000002,complete
b1263,ac,-1.601,complete
b1263,fru,-3.159,complete
b1263,glc__D,-3.306,complete
b1263,glyc,-1.8599999999999999,complete
b1263,lac__D,-2.362,complete
b1263,pyr,-2.472,complete
b1263,rib__D,-2.259,complete
b1263,succ,-2.2025,complete
b1263,xyl__D,-4.7915,complete
b1264,ac,-1.4769999999999999,complete
b1264,fru,-2.1305,complete
b1264,glc__D,-2.68575,complete
b1264,glyc,-1.5150000000000001,complete
b1264,lac__D,-1.574,complete
b1264,pyr,-1.3415,complete
b1264,rib__D,-1.3845,complete
b1264,succ,-0.9545,complete
b1264,xyl__D,-2.8635,complete
b1276,ac,-0.38649999999999995,primary_partial
b1276,fru,0.017499999999999998,primary_partial
b1276,glc__D,-0.028249999999999997,primary_partial
b1276,glyc,0.039,primary_partial
b1276,lac__D,-0.0745,primary_partial
b1276,pyr,-0.015000000000000006,primary_partial
b1276,rib__D,0.0695,primary_partial
b1276,succ,0.174,primary_partial
b1276,xyl__D,-0.122,primary_partial
b1281,ac,-4.447,complete
b1281,fru,-4.4765,complete
b1281,glc__D,-3.9735,complete
b1281,glyc,-3.9965,complete
b1281,lac__D,-4.056,complete
b1281,pyr,-4.469,complete
b1281,rib__D,-3.032,complete
b1281,succ,-3.9610000000000003,complete
b1281,xyl__D,-2.6159999999999997,complete
b1302,ac,0.0685,secondary
b1302,fru,0.0775,secondary
b1302,glc__D,0.23325,secondary
b1302,glyc,0.324,secondary
b1302,lac__D,0.1975,secondary
b1302,pyr,0.13199999999999998,secondary
b1302,rib__D,0.233,secondary
b1302,succ,0.5035000000000001,secondary
b1302,xyl__D,-0.027499999999999997,secondary
b1377,ac,-0.1495,primary_partial
b1377,fru,0.07350000000000001,primary_partial
b1377,glc__D,0.03875,primary_partial
b1377,glyc,-0.037500000000000006,primary_partial
b1377,lac__D,-0.061,primary_partial
b1377,pyr,-0.153,primary_partial
b1377,rib__D,0.0655,primary_partial
b1377,succ,0.0155,primary_partial
b1377,xyl__D,-0.0935,primary_partial
b1606,ac,0.646,secondary
b1606,fru,0.095,secondary
b1606,glc__D,0.062,secondary
b1606,glyc,0.0955,secondary
b1606,lac__D,0.021000000000000005,secondary
b1606,pyr,0.030500000000000003,secondary
b1606,rib__D,0.431,secondary
b1606,succ,1.0750000000000002,secondary
b1606,xyl__D,0.386,secondary
b1622,ac,0.367,secondary
b1622,fru,0.189,secondary
b1622,glc__D,0.09125,secondary
b1622,glyc,0.07550000000000001,secondary
b1622,lac__D,0.249,secondary
b1622,pyr,0.1895,secondary
b1622,rib__D,-0.0415,secondary
b1622,succ,0.229,secondary
b1622,xyl__D,0.2435,secondary
b1692,ac,0.1155,secondary
b1692,fru,-0.0225,secondary
b1692,glc__D,-0.060749999999999985,secondary
b1692,glyc,-0.21200000000000002,secondary
b1692,lac__D,-0.020499999999999997,secondary
b1692,pyr,-0.163,secondary
b1692,rib__D,-0.041,secondary
b1692,succ,-0.10200000000000001,secondary
b1692,xyl__D,0.08299999999999999,secondary
b1693,ac,-5.154,complete
b1693,fru,-5.654,complete
b1693,glc__D,-4.80425,complete
b1693,glyc,-4.170999999999999,complete
b1693,lac__D,-5.9990000000000006,complete
b1693,pyr,-3.9165,complete
b1693,rib__D,-4.685,complete
b1693,succ,-4.449999999999999,complete
b1693,xyl__D,-5.702,complete
b1704,ac,-0.679,primary_partial
b1704,fru,-0.21100000000000002,primary_partial
b1704,glc__D,-0.026750000000000003,primary_partial
b1704,glyc,-0.043500000000000004,primary_partial
b1704,lac__D,-0.346,primary_partial
b1704,pyr,-0.2545,primary_partial
b1704,rib__D,-0.364,primary_partial
b1704,succ,-0.971,primary_partial
b1704,xyl__D,-0.3995,primary_partial
b1748,ac,-0.0245,secondary
b1748,fru,-0.16349999999999998,secondary
b1748,glc__D,-0.13925,secondary
b1748,glyc,0.0305,secondary
b1748,lac__D,-0.152,secondary
b1748,pyr,0.0965,secondary
b1748,rib__D,0.1005,secondary
b1748,succ,0.041,secondary
b1748,xyl__D,0.085,secondary
b1800,ac,-0.262,secondary
b1800,fru,0.0020000000000000018,secondary
b1800,glc__D,0.09075,secondary
b1800,glyc,-0.038,secondary
b1800,lac__D,0.097,secondary
b1800,pyr,-0.0825,secondary
b1800,rib__D,-0.1615,secondary
b1800,succ,-0.1365,secondary
b1800,xyl__D,-0.028999999999999998,secondary
b1814,ac,-0.0505,secondary
b1814,fru,-0.045,secondary
b1814,glc__D,-0.099,secondary
b1814,glyc,-0.024,secondary
b1814,lac__D,-0.017,secondary
b1814,pyr,-0.0675,secondary
b1814,rib__D,0.2375,secondary
b1814,succ,-0.2245,secondary
b1814,xyl__D,-0.08549999999999999,secondary
b1817,glc__D,-0.22425,secondary
b1818,glc__D,-0.22175,secondary
b1819,glc__D,-0.048,secondary
b2019,ac,-4.734999999999999,complete
b2019,fru,-3.8195,complete
b2019,glc__D,-3.46575,complete
b2019,glyc,-4.1625,complete
b2019,lac__D,-4.693,complete
b2019,pyr,-3.6310000000000002,complete
b2019,rib__D,-4.3075,complete
b2019,succ,-4.6455,complete
b2019,xyl__D,-4.2635000000000005,complete
b2020,ac,-5.202500000000001,complete
b2020,fru,-4.119,complete
b2020,glc__D,-4.69475,complete
b2020,glyc,-2.9875,complete
b2020,lac__D,-6.7535,complete
b2020,pyr,-4.0705,complete
b2020,rib__D,-5.5245,complete
b2020,succ,-4.7475000000000005,complete
b2020,xyl__D,-5.0985,complete
b2021,ac,-5.5495,complete
b2021,fru,-3.85,complete
b2021,glc__D,-3.5294999999999996,complete
b2021,glyc,-2.4765,complete
b2021,lac__D,-5.569000000000001,complete
b2021,pyr,-4.2415,complete
b2021,rib__D,-5.1855,complete
b2021,succ,-4.662000000000001,complete
b2021,xyl__D,-5.179,complete
b2022,ac,-5.2865,complete
b2022,fru,-4.447,complete
b2022,glc__D,-4.19525,complete
b2022,glyc,-2.643,complete
b2022,lac__D,-5.639,complete
b2022,pyr,-4.878,complete
b2022,rib__D,-4.8365,complete
b2022,succ,-4.874,complete
b2022,xyl__D,-4.776,complete
b2023,ac,-3.9945,complete
b2023,fru,-4.183,complete
b2023,glc__D,-3.77325,complete
b2023,glyc,-2.5620000000000003,complete
b2023,lac__D,-4.0065,complete
b2023,pyr,-3.1835,complete
b2023,rib__D,-4.4075,complete
b2023,succ,-3.992,complete
b2023,xyl__D,-4.220000000000001,complete
b2024,ac,-4.0120000000000005,complete
b2024,fru,-3.9305000000000003,complete
b2024,glc__D,-3.69525,complete
b2024,glyc,-3.0635,complete
b2024,lac__D,-4.2325,complete
b2024,pyr,-4.2905,complete
b2024,rib__D,-4.176,complete
b2024,succ,-3.682,complete
b2024,xyl__D,-4.452,complete
b2025,ac,-5.67,complete
b2025,fru,-4.6850000000000005,complete
b2025,glc__D,-4.03175,complete
b2025,glyc,-2.4305,complete
b2025,lac__D,-6.340999999999999,complete
b2025,pyr,-5.0085,complete
b2025,rib__D,-4.763999999999999,complete
b2025,succ,-4.9245,complete
b2025,xyl__D,-5.824,complete
b2026,ac,-3.5359999999999996,complete
b2026,fru,-3.1265,complete
b2026,glc__D,-3.753,complete
b2026,glyc,-3.567,complete
b2026,lac__D,-4.083,complete
b2026,pyr,-2.8855,complete
b2026,rib__D,-3.7945,complete
b2026,succ,-4.170999999999999,complete
b2026,xyl__D,-3.654,complete
b2215,ac,-2.357,primary_partial
b2215,fru,-0.8320000000000001,primary_partial
b2215,glc__D,-0.56225,primary_partial
b2215,glyc,-0.9085,primary_partial
b2215,lac__D,-1.8255,primary_partial
b2215,pyr,-0.7430000000000001,primary_partial
b2215,rib__D,-1.873,primary_partial
b2215,succ,-2.3529999999999998,primary_partial
b2215,xyl__D,-1.837,primary_partial
b2251,ac,-0.111,secondary
b2251,fru,0.0355,secondary
b2251,glc__D,-0.04725,secondary
b2251,glyc,-0.0019999999999999983,secondary
b2251,lac__D,0.0045000000000000005,secondary
b2251,pyr,-0.1105,secondary
b2251,rib__D,0.0115,secondary
b2251,succ,-0.0235,secondary
b2251,xyl__D,0.05,secondary
b2312,ac,-5.2995,complete
b2312,fru,-4.390499999999999,complete
b2312,glc__D,-3.98475,complete
b2312,glyc,-1.257,complete
b2312,lac__D,-4.8740000000000006,complete
b2312,pyr,-4.436,complete
b2312,rib__D,-4.74,complete
b2312,succ,-4.6745,complete
b2312,xyl__D,-4.672499999999999,complete
b2329,ac,-4.6385000000000005,complete
b2329,fru,-4.734999999999999,complete
b2329,glc__D,-4.20575,complete
b2329,glyc,-4.717499999999999,complete
b2329,lac__D,-4.4704999999999995,complete
b2329,pyr,-3.9764999999999997,complete
b2329,rib__D,-4.3759999999999994,complete
b2329,succ,-4.072,complete
b2329,xyl__D,-5.029,complete
b2414,ac,-5.401,primary_full
b2414,fru,-4.1125,primary_full
b2414,glc__D,-4.10175,primary_full
b2414,glyc,-3.936,primary_full
b2414,lac__D,-5.2675,primary_full
b2414,pyr,-3.484,primary_full
b2414,rib__D,-5.1425,primary_full
b2414,succ,-4.3355,primary_full
b2414,xyl__D,-4.5120000000000005,primary_full
b2421,ac,-0.6865,secondary
b2421,fru,-0.013499999999999998,secondary
b2421,glc__D,-0.36675,secondary
b2421,glyc,0.20450000000000002,secondary
b2421,lac__D,0.2885,secondary
b2421,pyr,0.211,secondary
b2421,rib__D,0.205,secondary
b2421,succ,-1.8795000000000002,secondary
b2421,xyl__D,-0.8525,secondary
b2476,ac,-5.477,complete
b2476,fru,-4.9465,complete
b2476,glc__D,-4.098,complete
b2476,glyc,-0.9405,complete
b2476,lac__D,-6.024,complete
b2476,pyr,-4.6835,complete
b2476,rib__D,-4.5615,complete
b2476,succ,-6.789,complete
b2476,xyl__D,-4.936,complete
b2492,ac,-0.1485,primary_partial
b2492,fru,-0.051500000000000004,primary_partial
b2492,glc__D,0.0685,primary_partial
b2492,glyc,0.013500000000000005,primary_partial
b2492,lac__D,0.033,primary_partial
b2492,pyr,-0.046,primary_partial
b2492,rib__D,-0.060500000000000005,primary_partial
b2492,succ,0.14250000000000002,primary_partial
b2492,xyl__D,0.061500000000000006,primary_partial
b2499,ac,-4.656499999999999,complete
b2499,fru,-4.5395,complete
b2499,glc__D,-3.83725,complete
b2499,glyc,-0.025999999999999995,complete
b2499,lac__D,-5.102,complete
b2499,pyr,-4.3105,complete
b2499,rib__D,-4.478,complete
b2499,succ,-3.8035,complete
b2499,xyl__D,-3.9699999999999998,complete
b2500,ac,-2.646,complete
b2500,fru,-2.05,complete
b2500,glc__D,-2.24075,complete
b2500,glyc,-3.5525,complete
b2500,lac__D,-3.907,complete
b2500,pyr,-1.488,complete
b2500,rib__D,-1.52,complete
b2500,succ,-0.8725,complete
b2500,xyl__D,-2.2055,complete
b2518,ac,-2.9925,primary_full
b2518,fru,-2.0385,primary_full
b2518,glc__D,-1.6280000000000001,primary_full
b2518,glyc,-1.3545,primary_full
b2518,lac__D,-1.895,primary_full
b2518,pyr,-1.7145,primary_full
b2518,rib__D,-0.537,primary_full
b2518,succ,-0.5905,primary_full
b2518,xyl__D,-1.9955,primary_full
b2557,ac,-4.561,complete
b2557,fru,-4.1114999999999995,complete
b2557,glc__D,-3.8114999999999997,complete
b2557,glyc,-0.23650000000000002,complete
b2557,lac__D,-4.991,complete
b2557,pyr,-3.945,complete
b2557,rib__D,-4.160500000000001,complete
b2557,succ,-4.172499999999999,complete
b2557,xyl__D,-4.3945,complete
b2599,ac,-3.9925,complete
b2599,fru,-3.3205,complete
b2599,glc__D,-3.1585,complete
b2599,glyc,-2.48,complete
b2599,lac__D,-3.8505000000000003,complete
b2599,pyr,-2.0435,complete
b2599,rib__D,-4.135,complete
b2599,succ,-1.535,complete
b2599,xyl__D,-3.6100000000000003,complete
b2600,ac,-5.1594999999999995,complete
b2600,fru,-4.283,complete
b2600,glc__D,-4.54925,complete
b2600,glyc,-3.8920000000000003,complete
b2600,lac__D,-5.5395,complete
b2600,pyr,-3.7115,complete
b2600,rib__D,-4.2005,complete
b2600,succ,-3.744,complete
b2600,xyl__D,-4.157,complete
b2601,ac,-2.133,primary_partial
b2601,fru,-0.901,primary_partial
b2601,glc__D,-0.824,primary_partial
b2601,glyc,-0.9045000000000001,primary_partial
b2601,lac__D,-2.2195,primary_partial
b2601,pyr,-1.2755,primary_partial
b2601,rib__D,-1.33,primary_partial
b2601,succ,-0.85,primary_partial
b2601,xyl__D,-0.8660000000000001,primary_partial
b2662,ac,0.099,primary_partial
b2662,fru,-0.023,primary_partial
b2662,glc__D,0.05650000000000001,primary_partial
b2662,glyc,-0.023,primary_partial
b2662,lac__D,0.1065,primary_partial
b2662,pyr,-0.058,primary_partial
b2662,rib__D,0.037000000000000005,primary_partial
b2662,succ,0.185,primary_partial
b2662,xyl__D,0.07100000000000001,primary_partial
b2750,ac,-4.214,complete
b2750,fru,-3.7015000000000002,complete
b2750,glc__D,-3.7,complete
b2750,glyc,-3.942,complete
b2750,lac__D,-3.7665,complete
b2750,pyr,-2.9255,complete
b2750,rib__D,-3.363,complete
b2750,succ,-4.0215,complete
b2750,xyl__D,-3.9025,complete
b2751,ac,-2.795,complete
b2751,fru,-2.7645,complete
b2751,glc__D,-2.99975,complete
b2751,glyc,-2.8034999999999997,complete
b2751,lac__D,-1.82,complete
b2751,pyr,-1.024,complete
b2751,rib__D,-2.911,complete
b2751,succ,-3.6239999999999997,complete
b2751,xyl__D,-3.3209999999999997,complete
b2752,ac,-3.0309999999999997,complete
b2752,fru,-2.7755,complete
b2752,glc__D,-3.57325,complete
b2752,glyc,-3.1734999999999998,complete
b2752,lac__D,-2.083,complete
b2752,pyr,-1.5655000000000001,complete
b2752,rib__D,-3.203,complete
b2752,succ,-4.393,complete
b2752,xyl__D,-3.2855,complete
b2762,ac,-3.886,primary_full
b2762,fru,-4.0895,primary_full
b2762,glc__D,-3.741,primary_full
b2762,glyc,-4.5705,primary_full
b2762,lac__D,-3.8625,primary_full
b2762,pyr,-3.5885,primary_full
b2762,rib__D,-3.662,primary_full
b2762,succ,-4.4135,primary_full
b2762,xyl__D,-4.2035,primary_full
b2763,ac,-3.374,complete
b2763,fru,-3.0564999999999998,complete
b2763,glc__D,-2.95275,complete
b2763,glyc,-3.5665,complete
b2763,lac__D,-3.0315000000000003,complete
b2763,pyr,-2.1079999999999997,complete
b2763,rib__D,-3.401,complete
b2763,succ,-3.8120000000000003,complete
b2763,xyl__D,-3.3335,complete
b2764,ac,-3.3725,complete
b2764,fru,-3.556,complete
b2764,glc__D,-3.35575,complete
b2764,glyc,-3.444,complete
b2764,lac__D,-3.3975,complete
b2764,pyr,-2.3440000000000003,complete
b2764,rib__D,-3.371,complete
b2764,succ,-3.583,complete
b2764,xyl__D,-2.981,complete
b2818,ac,-4.031499999999999,complete
b2818,fru,-2.886,complete
b2818,glc__D,-3.63675,complete
b2818,glyc,-3.0250000000000004,complete
b2818,lac__D,-3.5605,complete
b2818,pyr,-2.1630000000000003,complete
b2818,rib__D,-3.5199999999999996,complete
b2818,succ,-3.706,complete
b2818,xyl__D,-3.028,complete
b2838,ac,-5.0975,complete
b2838,fru,-5.551,complete
b2838,glc__D,-4.5177499999999995,complete
b2838,glyc,-5.3795,complete
b2838,lac__D,-5.446,complete
b2838,pyr,-4.227,complete
b2838,rib__D,-4.8995,complete
b2838,succ,-4.7275,complete
b2838,xyl__D,-5.1325,complete
b2913,ac,-4.692,complete
b2913,fru,-4.8965,complete
b2913,glc__D,-4.5809999999999995,complete
b2913,glyc,-3.518,complete
b2913,lac__D,-5.4045000000000005,complete
b2913,pyr,-4.9305,complete
b2913,rib__D,-4.442,complete
b2913,succ,-4.553,complete
b2913,xyl__D,-5.0055,complete
b2987,ac,-0.0925,primary_partial
b2987,fru,-0.07200000000000001,primary_partial
b2987,glc__D,-0.04425,primary_partial
b2987,glyc,-0.1585,primary_partial
b2987,lac__D,-0.009000000000000001,primary_partial
b2987,pyr,-0.049,primary_partial
b2987,rib__D,-0.0495,primary_partial
b2987,succ,-0.093,primary_partial
b2987,xyl__D,0.017,primary_partial
b3008,ac,-5.047499999999999,primary_full
b3008,fru,-3.553,primary_full
b3008,glc__D,-3.6065000000000005,primary_full
b3008,glyc,-3.726,primary_full
b3008,lac__D,-3.239,primary_full
b3008,pyr,-2.7645,primary_full
b3008,rib__D,-3.5330000000000004,primary_full
b3008,succ,-4.5105,primary_full
b3008,xyl__D,-3.4985,primary_full
b3073,ac,-0.515,secondary
b3073,fru,-0.266,secondary
b3073,glc__D,-0.13725,secondary
b3073,glyc,-0.036500000000000005,secondary
b3073,lac__D,-0.2465,secondary
b3073,pyr,-0.163,secondary
b3073,rib__D,-0.24100000000000002,secondary
b3073,succ,-0.254,secondary
b3073,xyl__D,-0.16899999999999998,secondary
b3117,ac,-0.017,secondary
b3117,fru,-0.0215,secondary
b3117,glc__D,-0.0014999999999999979,secondary
b3117,glyc,-0.08,secondary
b3117,lac__D,-0.0915,secondary
b3117,pyr,-0.08399999999999999,secondary
b3117,rib__D,-0.17099999999999999,secondary
b3117,succ,-0.0685,secondary
b3117,xyl__D,-0.0245,secondary
b3172,ac,-5.215,complete
b3172,fru,-3.931,complete
b3172,glc__D,-3.80925,complete
b3172,glyc,-4.1185,complete
b3172,lac__D,-5.196,complete
b3172,pyr,-3.7435,complete
b3172,rib__D,-3.867,complete
b3172,succ,-4.5495,complete
b3172,xyl__D,-4.898,complete
b3281,ac,-4.82,primary_full
b3281,fru,-5.701,primary_full
b3281,glc__D,-4.95,primary_full
b3281,glyc,-4.247,primary_full
b3281,lac__D,-5.3955,primary_full
b3281,pyr,-3.8360000000000003,primary_full
b3281,rib__D,-4.879,primary_full
b3281,succ,-4.7635,primary_full
b3281,xyl__D,-4.8425,primary_full
b3359,ac,0.07450000000000001,primary_partial
b3359,fru,-0.14,primary_partial
b3359,glc__D,-0.48550000000000004,primary_partial
b3359,glyc,-0.0605,primary_partial
b3359,lac__D,0.055,primary_partial
b3359,pyr,-0.1995,primary_partial
b3359,rib__D,0.1255,primary_partial
b3359,succ,-0.3895,primary_partial
b3359,xyl__D,-0.0315,primary_partial
b3385,ac,-0.5255,secondary
b3385,fru,-0.024,secondary
b3385,glc__D,-0.113,secondary
b3385,glyc,-0.109,secondary
b3385,lac__D,-0.299,secondary
b3385,pyr,-0.39849999999999997,secondary
b3385,rib__D,-0.661,secondary
b3385,succ,-0.721,secondary
b3385,xyl__D,-0.0405,secondary
b3389,ac,-5.0925,complete
b3389,fru,-5.641,complete
b3389,glc__D,-4.8835,complete
b3389,glyc,-2.7504999999999997,complete
b3389,lac__D,-5.637499999999999,complete
b3389,pyr,-3.9015000000000004,complete
b3389,rib__D,-4.6965,complete
b3389,succ,-4.657,complete
b3389,xyl__D,-5.3870000000000005,complete
b3390,ac,-4.1625,primary_partial
b3390,fru,-3.674,primary_partial
b3390,glc__D,-3.053,primary_partial
b3390,glyc,-4.1405,primary_partial
b3390,lac__D,-4.7065,primary_partial
b3390,pyr,-2.841,primary_partial
b3390,rib__D,-3.7325,primary_partial
b3390,succ,-3.54,primary_partial
b3390,xyl__D,-4.1055,primary_partial
b3493,ac,-0.721,primary_partial
b3493,fru,-0.27749999999999997,primary_partial
b3493,glc__D,-0.12975,primary_partial
b3493,glyc,-0.1635,primary_partial
b3493,lac__D,-0.7849999999999999,primary_partial
b3493,pyr,0.7384999999999999,primary_partial
b3493,rib__D,-1.4104999999999999,primary_partial
b3493,succ,-2.2495,primary_partial
b3493,xyl__D,-0.9259999999999999,primary_partial
b3612,fru,-0.039,secondary
b3612,glc__D,-0.07775,secondary
b3612,glyc,0.016,secondary
b3612,rib__D,-0.08399999999999999,secondary
b3612,xyl__D,-0.0925,secondary
b3642,ac,-3.5815,complete
b3642,fru,-4.282,complete
b3642,glc__D,-3.7335000000000003,complete
b3642,glyc,-4.716,complete
b3642,lac__D,-4.5415,complete
b3642,pyr,-3.706,complete
b3642,rib__D,-2.9305,complete
b3642,succ,-3.7335,complete
b3642,xyl__D,-3.7145,complete
b3670,ac,-0.154,primary_partial
b3670,fru,-0.802,primary_partial
b3670,glc__D,-1.099,primary_partial
b3670,glyc,-0.7475,primary_partial
b3670,lac__D,-0.052,primary_partial
b3670,pyr,0.11499999999999999,primary_partial
b3670,rib__D,-1.4,primary_partial
b3670,succ,0.5105,primary_partial
b3670,xyl__D,-2.504,primary_partial
b3671,ac,-3.2165,primary_partial
b3671,fru,-2.6784999999999997,primary_partial
b3671,glc__D,-2.45525,primary_partial
b3671,glyc,-3.093,primary_partial
b3671,lac__D,-1.4529999999999998,primary_partial
b3671,pyr,0.585,primary_partial
b3671,rib__D,-3.66,primary_partial
b3671,succ,-1.3780000000000001,primary_partial
b3671,xyl__D,-3.9805,primary_partial
b3722,glc__D,0.05425,secondary
b3770,ac,-5.3835,complete
b3770,fru,-4.9975000000000005,complete
b3770,glc__D,-3.99275,complete
b3770,glyc,-3.6784999999999997,complete
b3770,lac__D,-5.4375,complete
b3770,pyr,-3.8689999999999998,complete
b3770,rib__D,-4.3135,complete
b3770,succ,-4.6555,complete
b3770,xyl__D,-5.0695,complete
b3771,ac,-5.335000000000001,complete
b3771,fru,-5.064,complete
b3771,glc__D,-4.443,complete
b3771,glyc,-4.1735,complete
b3771,lac__D,-5.561,complete
b3771,pyr,-3.683,complete
b3771,rib__D,-4.83,complete
b3771,succ,-4.6045,complete
b3771,xyl__D,-4.957,complete
b3772,ac,-4.276,primary_full
b3772,fru,-4.471500000000001,primary_full
b3772,glc__D,-3.5202500000000003,primary_full
b3772,glyc,-4.092499999999999,primary_full
b3772,lac__D,-4.974,primary_full
b3772,pyr,-2.7995,primary_full
b3772,rib__D,-4.034,primary_full
b3772,succ,-3.9165,primary_full
b3772,xyl__D,-4.3665,primary_full
b3774,ac,-5.5155,complete
b3774,fru,-4.9335,complete
b3774,glc__D,-4.6945,complete
b3774,glyc,-4.18,complete
b3774,lac__D,-5.487,complete
b3774,pyr,-3.8575,complete
b3774,rib__D,-4.839,complete
b3774,succ,-4.8785,complete
b3774,xyl__D,-4.843,complete
b3829,ac,-4.343,primary_partial
b3829,fru,-4.1080000000000005,primary_partial
b3829,glc__D,-3.9987500000000002,primary_partial
b3829,glyc,-4.2865,primary_partial
b3829,lac__D,-4.6205,primary_partial
b3829,pyr,-3.6485,primary_partial
b3829,rib__D,-5.1315,primary_partial
b3829,succ,-4.155,primary_partial
b3829,xyl__D,-4.53,primary_partial
b3870,ac,-2.6535,complete
b3870,fru,-2.865,complete
b3870,glc__D,-2.1390000000000002,complete
b3870,glyc,-2.729,complete
b3870,lac__D,-2.781,complete
b3870,pyr,-2.6100000000000003,complete
b3870,rib__D,-2.654,complete
b3870,succ,-2.6559999999999997,complete
b3870,xyl__D,-2.873,complete
b3939,ac,-2.026,complete
b3939,fru,-2.807,complete
b3939,glc__D,-3.49,complete
b3939,glyc,-3.1864999999999997,complete
b3939,lac__D,-2.3985,complete
b3939,pyr,-2.3815,complete
b3939,rib__D,-3.5564999999999998,complete
b3939,succ,-4.955500000000001,complete
b3939,xyl__D,-3.4485,complete
b3940,ac,0.534,primary_partial
b3940,fru,-0.352,primary_partial
b3940,glc__D,-0.366,primary_partial
b3940,glyc,-0.16649999999999998,primary_partial
b3940,lac__D,0.17149999999999999,primary_partial
b3940,pyr,-0.055499999999999994,primary_partial
b3940,rib__D,0.0505,primary_partial
b3940,succ,-0.157,primary_partial
b3940,xyl__D,-0.32599999999999996,primary_partial
b3941,ac,-5.2925,complete
b3941,fru,-4.4445,complete
b3941,glc__D,-5.04875,complete
b3941,glyc,-5.6335,complete
b3941,lac__D,-5.631,complete
b3941,pyr,-3.886,complete
b3941,rib__D,-5.276,complete
b3941,succ,-4.651999999999999,complete
b3941,xyl__D,-4.7485,complete
b3957,ac,-3.4275,complete
b3957,fru,-3.2915,complete
b3957,glc__D,-3.42875,complete
b3957,glyc,-3.3385,complete
b3957,lac__D,-4.1415,complete
b3957,pyr,-2.8955,complete
b3957,rib__D,-4.09,complete
b3957,succ,-3.7604999999999995,complete
b3957,xyl__D,-3.6470000000000002,complete
b3958,ac,-3.5525,complete
b3958,fru,-3.1639999999999997,complete
b3958,glc__D,-3.74375,complete
b3958,glyc,-3.2640000000000002,complete
b3958,lac__D,-3.461,complete
b3958,pyr,-2.4210000000000003,complete
b3958,rib__D,-3.4000000000000004,complete
b3958,succ,-4.1114999999999995,complete
b3958,xyl__D,-3.207,complete
b3959,ac,-3.189,complete
b3959,fru,-3.223,complete
b3959,glc__D,-3.37475,complete
b3959,glyc,-3.22,complete
b3959,lac__D,-3.5155000000000003,complete
b3959,pyr,-2.7775,complete
b3959,rib__D,-3.0655,complete
b3959,succ,-3.5934999999999997,complete
b3959,xyl__D,-2.9130000000000003,complete
b3960,ac,-5.1795,complete
b3960,fru,-4.351,complete
b3960,glc__D,-3.5940000000000003,complete
b3960,glyc,-4.508,complete
b3960,lac__D,-5.417,complete
b3960,pyr,-3.823,complete
b3960,rib__D,-4.11,complete
b3960,succ,-4.129,complete
b3960,xyl__D,-4.6035,complete
b4005,ac,-4.731,complete
b4005,fru,-4.3395,complete
b4005,glc__D,-4.3485,complete
b4005,glyc,-0.3685,complete
b4005,lac__D,-5.369,complete
b4005,pyr,-3.762,complete
b4005,rib__D,-4.2095,complete
b4005,succ,-4.4505,complete
b4005,xyl__D,-4.0855,complete
b4006,ac,-4.9815000000000005,complete
b4006,fru,-4.583,complete
b4006,glc__D,-4.38725,complete
b4006,glyc,-2.1109999999999998,complete
b4006,lac__D,-5.32,complete
b4006,pyr,-4.1735,complete
b4006,rib__D,-4.8535,complete
b4006,succ,-4.6370000000000005,complete
b4006,xyl__D,-4.8495,complete
b4013,ac,-1.3115,complete
b4013,fru,-2.559,complete
b4013,glc__D,-2.9627499999999998,complete
b4013,glyc,-2.2485,complete
b4013,lac__D,-2.2235,complete
b4013,pyr,-1.5790000000000002,complete
b4013,rib__D,-3.436,complete
b4013,succ,-4.119,complete
b4013,xyl__D,-2.4059999999999997,complete
b4019,ac,-0.0975,primary_partial
b4019,fru,-0.059,primary_partial
b4019,glc__D,-0.05725,primary_partial
b4019,glyc,-0.034999999999999996,primary_partial
b4019,lac__D,-0.0805,primary_partial
b4019,pyr,-0.0010000000000000009,primary_partial
b4019,rib__D,-0.07150000000000001,primary_partial
b4019,succ,-0.1015,primary_partial
b4019,xyl__D,-0.095,primary_partial
b4024,ac,-0.16199999999999998,primary_partial
b4024,fru,-0.2875,primary_partial
b4024,glc__D,-0.46275,primary_partial
b4024,glyc,-0.44099999999999995,primary_partial
b4024,lac__D,0.0915,primary_partial
b4024,pyr,-0.16699999999999998,primary_partial
b4024,rib__D,-1.021,primary_partial
b4024,succ,0.2725,primary_partial
b4024,xyl__D,-0.278,primary_partial
b4036,glc__D,0.013749999999999998,primary_partial
b4054,ac,-0.0665,primary_full
b4054,fru,-0.20550000000000002,primary_full
b4054,glc__D,-0.30274999999999996,primary_full
b4054,glyc,-0.1185,primary_full
b4054,lac__D,-0.2355,primary_full
b4054,pyr,0.0685,primary_full
b4054,rib__D,-0.2735,primary_full
b4054,succ,-1.1195,primary_full
b4054,xyl__D,-0.187,primary_full
b4055,ac,0.14750000000000002,secondary
b4055,fru,-0.064,secondary
b4055,glc__D,0.0595,secondary
b4055,glyc,-0.0335,secondary
b4055,lac__D,0.0305,secondary
b4055,pyr,-0.026999999999999996,secondary
b4055,rib__D,-0.084,secondary
b4055,succ,-0.0009999999999999974,secondary
b4055,xyl__D,-0.008,secondary
b4090,ac,0.272,secondary
b4090,fru,0.051500000000000004,secondary
b4090,glc__D,0.0034999999999999983,secondary
b4090,glyc,0.016,secondary
b4090,lac__D,0.1175,secondary
b4090,pyr,0.173,secondary
b4090,succ,0.4575,secondary
b4090,xyl__D,0.2185,secondary
b4177,ac,-2.2584999999999997,complete
b4177,fru,-2.761,complete
b4177,glc__D,-2.2395,complete
b4177,glyc,-1.6425,complete
b4177,lac__D,-2.56,complete
b4177,pyr,-2.5805,complete
b4177,rib__D,-2.472,complete
b4177,succ,-2.3265000000000002,complete
b4177,xyl__D,-2.5915,complete
b4214,ac,-4.2395,complete
b4214,fru,-3.93,complete
b4214,glc__D,-3.747,complete
b4214,glyc,-4.55,complete
b4214,lac__D,-4.772,complete
b4214,pyr,-3.7359999999999998,complete
b4214,rib__D,-4.844,complete
b4214,succ,-4.763,complete
b4214,xyl__D,-4.420999999999999,complete
b4245,ac,-1.6764999999999999,complete
b4245,fru,-3.607,complete
b4245,glc__D,-4.04075,complete
b4245,glyc,-3.8015,complete
b4245,lac__D,-2.1305,complete
b4245,pyr,-3.641,complete
b4245,rib__D,-1.6605,complete
b4245,succ,-4.686999999999999,complete
b4245,xyl__D,-2.849,complete
b4254,ac,-0.598,primary_partial
b4254,fru,-0.188,primary_partial
b4254,glc__D,-0.22924999999999998,primary_partial
b4254,glyc,-0.2935,primary_partial
b4254,lac__D,-0.22899999999999998,primary_partial
b4254,pyr,-0.169,primary_partial
b4254,rib__D,-0.1825,primary_partial
b4254,succ,-0.0745,primary_partial
b4254,xyl__D,-0.318,primary_partial
b4388,ac,-4.7475000000000005,primary_full
b4388,fru,-5.1905,primary_full
b4388,glc__D,-4.59375,primary_full
b4388,glyc,-3.1145,primary_full
b4388,lac__D,-5.179500000000001,primary_full
b4388,pyr,-4.124,primary_full
b4388,rib__D,-4.6265,primary_full
b4388,succ,-4.8255,primary_full
b4388,xyl__D,-4.91,primary_full
b4395,ac,-0.767,secondary
b4395,fru,-0.032999999999999995,secondary
b4395,glc__D,-0.3085,secondary
b4395,glyc,-0.1055,secondary
b4395,lac__D,-0.7435,secondary
b4395,pyr,-0.41100000000000003,secondary
b4395,rib__D,-0.942,secondary
b4395,succ,-0.532,secondary
b4395,xyl__D,-0.2755,secondary
