reaction_id,enzyme,edge_type,mw,gpr,genes,polypeptides,num_subunits
NDPK5,ADENYL-KIN-MONOMER,secondary_catalysis,23.586,b0474,b0474,P69441,1.0
NDPK5,NUCLEOSIDE-DIP-KIN-CPLX,catalysis,61.852,b2518,b2518,P0A763,4.0
SHK3Dr,AROE-MONOMER,catalysis,29.414001,b3281,b3281,P15770,1.0
SHK3Dr,EG11234-MONOMER,secondary_catalysis,31.228,b1692,b1692,P0A6D5,1.0
NDPK6,NUCLEOSIDE-DIP-KIN-CPLX,catalysis,61.852,b2518,b2518,P0A763,4.0
NDPK6,ADENYL-KIN-MONOMER,secondary_catalysis,23.586,b0474,b0474,P69441,1.0
NDPK8,NUCLEOSIDE-DIP-KIN-CPLX,catalysis,61.852,b2518,b2518,P0A763,4.0
NDPK8,ADENYL-KIN-MONOMER,secondary_catalysis,23.586,b0474,b0474,P69441,1.0
DHORTS,DIHYDROOROT-CPLX,catalysis,77.654006,b1062,b1062,P05020,2.0
OMPDC,OROTPDECARB-CPLX,catalysis,52.7,b1281,b1281,P08244,2.0
G5SD,GLUTSEMIALDEHYDROG-CPLX,catalysis,178.52,b0243,b0243,P07004,4.0
CS,CITRATE-SI-SYNTHASE,catalysis,288.090018,b0720,b0720,P0ABH7,6.0
ICDHyr,ISOCITHASE-CPLX,catalysis,91.514008,b1136,b1136,P08200,2.0
ACALD,MHPF-MONOMER,catalysis,33.442,b0351,b0351,P77580,1.0
ACALD,ADHE-CPLX,catalysis,3845.0804,b1241,b1241,P0A9Q7,40.0
ACALD,G7285-MONOMER,catalysis,49.022003,b2455,b2455,P77445,1.0
PPA,ALKAPHOSPHA-CPLX,catalysis,98.878006,b0383,b0383,P00634,2.0
PPA,CPLX0-243,catalysis,118.224,b4226,b4226,P0A7A9,6.0
PPCK,PEPCARBOXYKIN-MONOMER,catalysis,59.643,b3403,b3403,P22259,1.0
ME1,MALIC-NAD-CPLX,catalysis,252.788008,b1479,b1479,P26616,4.0
ALATA_L,CPLX0-7887,catalysis,92.432006,b2379,b2379,P77434,2.0
ALATA_L,CPLX0-7888,catalysis,91.034004,b2290,b2290,P0A959,2.0
ALATA_L,ACETYLORNTRANSAM-CPLX,secondary_catalysis,87.534004,b3359,b3359,P18335,2.0
ALATA_L,ASPAMINOTRANS-DIMER,secondary_catalysis,87.146,b0928,b0928,P00509,2.0
ALATA_L,SUCCORNTRANSAM-CPLX,secondary_catalysis,87.33,b1748,b1748,P77581,2.0
ALATA_L,GABATRANSAM-CPLX,secondary_catalysis,91.55,b2662,b2662,P22256,2.0
ALATA_L,CPLX0-8159,secondary_catalysis,99.322006,b3073,b3073,P42588,2.0
ALATA_L,G6646-MONOMER,secondary_catalysis,44.729004,b1302,b1302,P50457,1.0
ALATA_L,PSERTRANSAM-CPLX,secondary_catalysis,79.566,b0907,b0907,P23721,2.0
ALATA_L,TYRB-DIMER,secondary_catalysis,87.076004,b4054,b4054,P04693,2.0
XYLK,CPLX0-7466,catalysis,105.236008,b3564,b3564,P09099,2.0
XYLK,RIBULOKIN-MONOMER,secondary_catalysis,61.089005,b0063,b0063,P08204,1.0
RBK,CPLX0-7647,catalysis,64.58,b3752,b3752,P0A9J6,2.0
GLYK,GLYCEROL-KIN-CPLX,catalysis,224.924012,b3926,b3926,P0A6F3,4.0
ASPTA,ASPAMINOTRANS-DIMER,catalysis,87.146,b0928,b0928,P00509,2.0
ASPTA,TYRB-DIMER,catalysis,87.076004,b4054,b4054,P04693,2.0
FBP,ALKAPHOSPHA-CPLX,secondary_catalysis,98.878006,b0383,b0383,P00634,2.0
FBP,CPLX0-7776,secondary_catalysis,68.646,b2930,b2930,P21437,2.0
FBP,EG11239-MONOMER,secondary_catalysis,30.201002,b0766,b0766,P21829,1.0
FBP,CPLX0-303,secondary_catalysis,71.704,b3925,b3925,P0A9C9,2.0
FBP,F16B-CPLX,catalysis,147.336012,b4232,b4232,P0A993,4.0
FBP,EG11195-MONOMER,secondary_catalysis,29.721,b3697,b3697,P0A8Y5,1.0
FBP,EG11736-MONOMER,secondary_catalysis,21.294,b0200,b0200,P63228,1.0
PYK,PKI-COMPLEX,catalysis,202.916016,b1676,b1676,P0AD61,4.0
PYK,PKII-CPLX,catalysis,205.428008,b1854,b1854,P21599,4.0
GTHOr,GLUTATHIONE-REDUCT-NADPH-CPLX,catalysis,97.544006,b3500,b3500,P06715,2.0
ILETA,BRANCHED-CHAINAMINOTRANSFER-CPLX,catalysis,204.56400000000002,b3770,b3770,P0AB80,6.0
DHORD5,DIHYDROOROTOX-MONOMER,catalysis,36.775,b0945,b0945,P0A7E1,1.0
VALTA,BRANCHED-CHAINAMINOTRANSFER-CPLX,catalysis,204.56400000000002,b3770,b3770,P0AB80,6.0
IPPMIb,3-ISOPROPYLMALISOM-CPLX,catalysis,72.369005,(b0072 and b0071),"b0072,b0071","P0A6A6,P30126",2.0
ORPT,OROPRIBTRANS-CPLX,catalysis,47.134002,b3642,b3642,P0A7E3,2.0
ACHBS,ACETOLACTSYNII-CPLX,inactive_catalysis,9.703,b3769,b3769,P0ADG1,1.0
ACHBS,ACETOLACTSYNI-CPLX,catalysis,143.094002,(b3671 and b3670),"b3671,b3670","P08142,P0ADF8",4.0
ACHBS,ACETOLACTSYNIII-CPLX,catalysis,161.92200200000002,(b0077 and b0078),"b0077,b0078","P00893,P00894",4.0
DHAD2,DIHYDROXYACIDDEHYDRAT-CPLX,catalysis,131.06401,b3771,b3771,P05791,2.0
ACLS,ACETOLACTSYNIII-CPLX,catalysis,161.92200200000002,(b0077 and b0078),"b0077,b0078","P00893,P00894",4.0
ACLS,ACETOLACTSYNII-CPLX,inactive_catalysis,9.703,b3769,b3769,P0ADG1,1.0
ACLS,ACETOLACTSYNI-CPLX,catalysis,143.094002,(b3671 and b3670),"b3671,b3670","P08142,P0ADF8",4.0
TRPS2,CPLX0-2401,catalysis,85.966,b1261,b1261,P0A879,2.0
PSCVT,AROA-MONOMER,catalysis,46.096,b0908,b0908,P0A6D3,1.0
PFL,PYRUVFORMLY-CPLX,catalysis,0.0,(b0903 and b0902),"b0903,b0902","P09373,P0A9N4",3.0
PFL,KETOBUTFORMLY-MONOMER,secondary_catalysis,0.0,(b3114 and b0902),"b3114,b0902","P42632,P0A9N4",2.0
PFL,CPLX0-9871,secondary_catalysis,14.284,(b2579 and (b0903 and b0902) and b0902),"b2579,b0903,b0902,b0902","P68066,P09373,P0A9N4,P0A9N4",5.0
PFL,EG11910-MONOMER,putative_gpr,85.96001,b3951,b3951,P32674,1.0
PFL,EG11911-MONOMER,putative gpr,32.43,b3952,b3952,P32675,1.0
ANS,ANTHRANSYN-CPLX,catalysis,228.730012,(b1264 and b1263),"b1264,b1263","P00895,P00904",4.0
FRD2,FUMARATE-REDUCTASE,catalysis,121.217001,(b4154 and b4153 and b4152 and b4151),"b4154,b4153,b4152,b4151","P00363,P0AC47,P0A8Q0,P0A8Q3",4.0
ANPRT,ANTHRANSYNCOMPII-MONOMER,catalysis,56.870003,b1263,b1263,P00904,1.0
CHORM,CHORISMUTPREPHENDEHYDROG-CPLX,catalysis,84.084008,b2600,b2600,P07023,2.0
CHORM,CHORISMUTPREPHENDEHYDRAT-CPLX,catalysis,86.222008,b2599,b2599,P0A9J8,2.0
PTAr,CPLX0-7912,catalysis,72.134,b2458,b2458,P77218,2.0
PTAr,PHOSACETYLTRANS-CPLX,catalysis,463.03202999999996,b2297,b2297,P0A9M8,6.0
CHORS,AROC-CPLX,catalysis,156.548,b2329,b2329,P12008,4.0
IGPS,PRAI-IGPS,catalysis,49.492,b1262,b1262,P00909,1.0
ACKr,GARTRANSFORMYL2-MONOMER,secondary_catalysis,42.434002,b1849,b1849,P33221,1.0
ACKr,ACETATEKINA-MONOMER,catalysis,43.29,b2296,b2296,P0A6A3,1.0
ACKr,PROPKIN-MONOMER,secondary_catalysis,43.384003,b3115,b3115,P11868,1.0
LEUTAi,TYRB-DIMER,catalysis,87.076004,b4054,b4054,P04693,2.0
LEUTAi,BRANCHED-CHAINAMINOTRANSFER-CPLX,catalysis,204.56400000000002,b3770,b3770,P0AB80,6.0
ENO,ENOLASE-CPLX,catalysis,91.310006,b2779,b2779,P0A6P9,2.0
FBA,FRUCBISALD-CLASSI,catalysis,381.09000000000003,b2097,b2097,P0A991,10.0
FBA,FRUCBISALD-CLASSII,catalysis,78.294006,b2925,b2925,P0AB71,2.0
HCO3E,CARBODEHYDRAT-CPLX,catalysis,47.528004,b0339,b0339,P0ABE9,2.0
HCO3E,CPLX0-7521,catalysis,100.388008,b0126,b0126,P61517,4.0
IMPC,AICARTRANSIMPCYCLO-CPLX,catalysis,57.329002,b4006,b4006,P15639,1.0
IMPD,IMP-DEHYDROG-CPLX,catalysis,208.088012,b2508,b2508,P0ADG7,4.0
PPS,PEPSYNTH-CPLX,catalysis,174.87001,b1702,b1702,P23538,2.0
PGI,CPLX0-7877,catalysis,123.060006,b4025,b4025,P0A6T1,2.0
PGI,CPLX-8401,secondary_catalysis,62.152004,b2843,b2843,Q46938,2.0
PGK,PGK,catalysis,41.118004,b2926,b2926,P0A799,1.0
PGL,6PGLUCONOLACT-MONOMER,catalysis,36.308002,b0767,b0767,P52697,1.0
RPE,RIBULP3EPIM-MONOMER,catalysis,24.554,b3386,b3386,P0AG07,1.0
DHQTi,AROD-CPLX,catalysis,54.934002,b1693,b1693,P05194,2.0
IPMD,G6986-MONOMER,secondary_catalysis,40.315002,b1800,b1800,P76251,1.0
IPMD,3-ISOPROPYLMALDEHYDROG-CPLX,catalysis,79.034004,b0073,b0073,P30125,2.0
AIRC3,PURE-CPLX,catalysis,142.24,b0523,b0523,P0AG18,8.0
TALA,TRANSALDOLA-MONOMER,catalysis,35.659,b2464,b2464,P0A867,1.0
TALA,TRANSALDOLB-CPLX,catalysis,70.438,b0008,b0008,P0A870,2.0
ADSL2r,CPLX0-7959,catalysis,206.172012,b1131,b1131,P0AB89,4.0
TKT1,CPLX0-1261,secondary_catalysis,73.04301,b2465,b2465,P33570,1.0
TKT1,TRANSKETOI-CPLX,catalysis,144.424012,b2935,b2935,P27302,2.0
RNDR1,RIBONUCLEOSIDE-DIP-REDUCTI-CPLX,catalysis,258.584004,(b2234 and b2235),"b2234,b2235","P00452,P69924",4.0
RNDR1,THIOREDOXINS,non_catalytic_requirement,0.0,(b3781 or b2582),"b3781,b2582","P0AA25,P0AGG4",2.0
ALCD2x,ADHE-CPLX,catalysis,3845.0804,b1241,b1241,P0A9Q7,40.0
ALCD2x,CPLX0-8015,catalysis,141.52,b1478,b1478,P39451,4.0
RNDR3,RIBONUCLEOSIDE-DIP-REDUCTI-CPLX,catalysis,258.584004,(b2234 and b2235),"b2234,b2235","P00452,P69924",4.0
RNDR3,THIOREDOXINS,non_catalytic_requirement,0.0,(b3781 or b2582),"b3781,b2582","P0AA25,P0AGG4",2.0
RNDR4,RIBONUCLEOSIDE-DIP-REDUCTI-CPLX,catalysis,258.584004,(b2234 and b2235),"b2234,b2235","P00452,P69924",4.0
RNDR4,THIOREDOXINS,non_catalytic_requirement,0.0,(b3781 or b2582),"b3781,b2582","P0AA25,P0AGG4",2.0
TMDS,THYMIDYLATESYN-CPLX,catalysis,60.960002,b2827,b2827,P0A884,2.0
DHAD1,DIHYDROXYACIDDEHYDRAT-CPLX,catalysis,131.06401,b3771,b3771,P05791,2.0
IPPMIa,3-ISOPROPYLMALISOM-CPLX,catalysis,72.369005,(b0072 and b0071),"b0072,b0071","P0A6A6,P30126",2.0
MDH,MALATE-DEHASE,catalysis,64.674,b3236,b3236,P61889,2.0
FUM,EG11162-MONOMER,secondary_catalysis,19.272001,b2929,b2929,P11663,1.0
FUM,G6903-MONOMER,secondary_catalysis,7.9070005,b1675,b1675,P0ACX5,1.0
FUM,FUMARASE-A,catalysis,120.598008,b1612,b1612,P0AC33,2.0
FUM,FUMARASE-B,secondary_catalysis,120.210006,b4122,b4122,P14407,2.0
FUM,FUMARASE-C,secondary_catalysis,201.956008,b1611,b1611,P05042,4.0
KARA1,CPLX0-7643,catalysis,216.276016,b3774,b3774,P05793,4.0
KARA2,CPLX0-7643,catalysis,216.276016,b3774,b3774,P05793,4.0
ACCOAC,ACETYL-COA-CARBOXYLMULTI-CPLX,catalysis,235.77000999999996,((b0185 and b2316) and b3256 and b3255),"b0185,b2316,b3256,b3255","P0ABD5,P0A9Q5,P24182,P0ABD8",8.0
KAS14,FABB-CPLX,catalysis,85.226006,b2323,b2323,P0A953,2.0
KAS14,3-OXOACYL-ACP-SYNTHII-CPLX,catalysis,86.092,b1095,b1095,P0AAI5,2.0
KAS14,ACP-MONOMER,non_catalytic_requirement,0.0,(b1094 and b2323),"b1094,b2323","P0A6A8,P0A953",-1.0
ARGSS,CPLX0-238,catalysis,199.592012,b3172,b3172,P0A6E4,4.0
AGPR,N-ACETYLGLUTPREDUCT-MONOMER,catalysis,35.952003,b3958,b3958,P11446,1.0
ICL,ISOCIT-LYASE,catalysis,190.088012,b4015,b4015,P0A9G6,4.0
GLYCL,GCVMULTI-CPLX,catalysis,350.27503099999996,(b0116 and b2903 and b2904 and b2905),"b0116,b2903,b2904,b2905","P0A9P0,P33195,P0A6T9,P27248",6.0
XYLI1,XYLISOM-CPLX,catalysis,99.484,b3565,b3565,P00944,2.0
PPC,PEPCARBOX-CPLX,catalysis,396.248016,b3956,b3956,P00864,4.0
G3PT,G6425-MONOMER,secondary_catalysis,30.413002,b0822,b0822,P75792,1.0
G3PT,G7187-MONOMER,catalysis,23.007002,b2293,b2293,P77625,1.0
SADT2,SULFATE-ADENYLYLTRANS-CPLX,catalysis,350.984024,(b2752 and b2751),"b2752,b2751","P21156,P23845",8.0
GHMT2r,GLYOHMETRANS-CPLX,catalysis,90.634,b2551,b2551,P0A825,2.0
DHORD2,DIHYDROOROTOX-MONOMER,catalysis,36.775,b0945,b0945,P0A7E1,1.0
SDPDS,CPLX0-3161,catalysis,82.538,b2472,b2472,P0AED7,2.0
UMPK,UMPKI-CPLX,catalysis,155.820006,b0171,b0171,P0A7E9,6.0
CTPS2,CTPSYN-CPLX,catalysis,241.496016,b2780,b2780,P0A7E5,4.0
NDPK7,ADENYL-KIN-MONOMER,secondary_catalysis,23.586,b0474,b0474,P69441,1.0
NDPK7,NUCLEOSIDE-DIP-KIN-CPLX,catalysis,61.852,b2518,b2518,P0A763,4.0
TRPS3,TRYPSYN-APROTEIN,catalysis,28.724,b1260,b1260,P0A877,1.0
ADK1,ADENYL-KIN-MONOMER,catalysis,23.586,b0474,b0474,P69441,1.0
NDPK2,ADENYL-KIN-MONOMER,secondary_catalysis,23.586,b0474,b0474,P69441,1.0
NDPK2,NUCLEOSIDE-DIP-KIN-CPLX,catalysis,61.852,b2518,b2518,P0A763,4.0
NDPK4,ADENYL-KIN-MONOMER,secondary_catalysis,23.586,b0474,b0474,P69441,1.0
NDPK4,NUCLEOSIDE-DIP-KIN-CPLX,catalysis,61.852,b2518,b2518,P0A763,4.0
ACODA,ACETYLORNDEACET-CPLX,catalysis,84.694,b3957,b3957,P23908,2.0
ADSS,ADENYLOSUCCINATE-SYN-DIMER,catalysis,94.69,b4177,b4177,P0A7D4,2.0
ASNS2,ASNSYNB-CPLX,catalysis,125.318008,b0674,b0674,P22106,2.0
ASNS2,ASNSYNA-CPLX,catalysis,73.302,b3744,b3744,P00963,2.0
ASPCT,ASPCARBTRANS-CPLX,catalysis,206.562012,b4245,b4245,P0A786,8.0
MCOATA,MALONYL-COA-ACP-TRANSACYL-MONOMER,catalysis,32.417,b1092,b1092,P0AAI9,1.0
MCOATA,ACP-MONOMER,non_catalytic_requirement,0.0,(b1094 and b2323),"b1094,b2323","P0A6A8,P0A953",-1.0
DAPE,CPLX0-7997,catalysis,60.418004,b3809,b3809,P0A6K1,2.0
DHDPRy,DIHYDROPICRED-CPLX,catalysis,115.028008,b0031,b0031,P04036,4.0
HSK,HOMOSERKIN-CPLX,catalysis,67.248,b0003,b0003,P00547,2.0
SDPTA,PSERTRANSAM-CPLX,catalysis,79.566,b0907,b0907,P23721,2.0
SDPTA,ACETYLORNTRANSAM-CPLX,catalysis,87.534004,b3359,b3359,P18335,2.0
SDPTA,SUCCORNTRANSAM-CPLX,secondary_catalysis,87.33,b1748,b1748,P77581,2.0
SDPTA,ASPAMINOTRANS-DIMER,secondary_catalysis,87.146,b0928,b0928,P00509,2.0
SDPTA,GABATRANSAM-CPLX,secondary_catalysis,91.55,b2662,b2662,P22256,2.0
SDPTA,HISTPHOSTRANS-CPLX,secondary_catalysis,78.72,b2021,b2021,P06986,2.0
SDPTA,BRANCHED-CHAINAMINOTRANSFER-CPLX,secondary_catalysis,204.56400000000002,b3770,b3770,P0AB80,6.0
SDPTA,CPLX0-8159,secondary_catalysis,99.322006,b3073,b3073,P42588,2.0
SDPTA,G6646-MONOMER,secondary_catalysis,44.729004,b1302,b1302,P50457,1.0
SDPTA,TYRB-DIMER,secondary_catalysis,87.076004,b4054,b4054,P04693,2.0
THRS,THRESYN-MONOMER,catalysis,47.114002,b0004,b0004,P00934,1.0
HSST,HOMSUCTRAN-CPLX,catalysis,71.454,b4013,b4013,P07623,2.0
PPNDH,CHORISMUTPREPHENDEHYDRAT-CPLX,catalysis,86.222008,b2599,b2599,P0A9J8,2.0
DTMPK,CPLX0-8260,catalysis,47.566,b1098,b1098,P0A720,2.0
NDPK1,ADENYL-KIN-MONOMER,secondary_catalysis,23.586,b0474,b0474,P69441,1.0
NDPK1,NUCLEOSIDE-DIP-KIN-CPLX,catalysis,61.852,b2518,b2518,P0A763,4.0
TRDR,THIOREDOXIN-REDUCT-NADPH-CPLX,catalysis,69.246,b0888,b0888,P0A9P4,2.0
TRDR,THIOREDOXINS,non_catalytic_requirement,0.0,(b3781 or b2582),"b3781,b2582","P0AA25,P0AGG4",2.0
DDPA,AROF-CPLX,catalysis,77.608,b2601,b2601,P00888,2.0
DDPA,AROH-CPLX,catalysis,77.47,b1704,b1704,P00887,2.0
DDPA,AROG-CPLX,catalysis,152.036012,b0754,b0754,P0AB91,4.0
MALS,MALSYNG-MONOMER,catalysis,80.48801,b2976,b2976,P37330,1.0
MALS,MALATE-SYNTHASE,catalysis,60.274002,b4014,b4014,P08997,1.0
NADTRHD,UDHA-CPLX,catalysis,412.48,b3962,b3962,P27306,8.0
G3PD2,GLYC3PDEHYDROGBIOSYN-CPLX,catalysis,72.724006,b3608,b3608,P0A6S7,2.0
GMPS2,GMP-SYN-CPLX,catalysis,117.35801,b2507,b2507,P04079,2.0
P5CR,PYRROLINECARBREDUCT-CPLX,catalysis,281.45,b0386,b0386,P0A9L8,10.0
G5SADs,spontaneous_pseudogene,spontaneous_reaction,0.0,s0001,s0001,,0.0
AKGDH,2OXOGLUTARATEDEH-CPLX,catalysis,2418.3840560000003,(b0726 and b0727 and b0116),"b0726,b0727,b0116","P0AFG3,P0AFG6,P0A9P0",38.0
ATPPRT,CPLX0-7614,catalysis,66.734,b2019,b2019,P60757,2.0
HISTD,HISTDEHYD-CPLX,catalysis,92.22,b2020,b2020,P06988,2.0
DHDPS,DIHYDRODIPICSYN-CPLX,catalysis,125.080008,b2478,b2478,P0A6L2,4.0
IGPDH,IMIDHISTID-CPLX,catalysis,80.556008,b2022,b2022,P06987,2.0
PRPPS,CPLX0-8299,catalysis,205.308012,b1207,b1207,P0A717,6.0
PRATPP,HISTCYCLOPRATPPHOS,catalysis,22.756,b2026,b2026,P06989,1.0
GLUN,ASNSYNB-CPLX,catalysis,125.318008,b0674,b0674,P22106,2.0
GLUN,CPLX0-7694,catalysis,131.612,b0485,b0485,P77454,4.0
GLUN,CPLX0-7695,catalysis,67.032006,b1524,b1524,P0A6W0,2.0
PRMICI,PRIBFAICARPISOM-MONOMER,catalysis,26.033,b2024,b2024,P10371,1.0
GLUPRT,PRPPAMIDOTRANS-CPLX,catalysis,225.952012,b2312,b2312,P0AG16,4.0
SERAT,CPLX0-237,catalysis,175.902006,b3607,b3607,P0A9D4,6.0
CYSS,ACSERLYB-CPLX,secondary_catalysis,65.328,b2421,b2421,P16703,2.0
CYSS,ACSERLYA-CPLX,catalysis,68.98,b2414,b2414,P0ABK5,2.0
BPNT,EG10043-MONOMER,catalysis,27.176,b4214,b4214,P22255,1.0
PAPSR,PAPSSULFOTRANS-CPLX,catalysis,55.952004,b2762,b2762,P17854,2.0
PAPSR,THIOREDOXINS,non_catalytic_requirement,0.0,(b3781 or b2582),"b3781,b2582","P0AA25,P0AGG4",2.0
ASPK,ASPKINIII-CPLX,catalysis,97.064,b4024,b4024,P08660,2.0
ASPK,ASPKINIIHOMOSERDEHYDROGII-CPLX,catalysis,177.776,b3940,b3940,P00562,2.0
ASPK,ASPKINIHOMOSERDEHYDROGI-CPLX,catalysis,356.48,b0002,b0002,P00561,4.0
ASAD,ASP-SEMIALDEHYDE-DEHYDROGENASE-CPLX,catalysis,80.036,b3433,b3433,P0A9Q9,2.0
DAPDC,DIAMINOPIMDECARB-CPLX,catalysis,92.354004,b2838,b2838,P00861,2.0
OCBT,ORNCARBAMTRANSFERF-CPLX,catalysis,110.481009,b0273,b0273,P06960,3.0
OCBT,ORNCARBAMTRANSFERI-CPLX,catalysis,110.72099999999999,b4254,b4254,P04391,3.0
GARFT,GART-MONOMER,catalysis,23.238,b2500,b2500,P08179,1.0
PHETA1,BRANCHED-CHAINAMINOTRANSFER-CPLX,secondary_catalysis,204.56400000000002,b3770,b3770,P0AB80,6.0
PHETA1,ASPAMINOTRANS-DIMER,secondary_catalysis,87.146,b0928,b0928,P00509,2.0
PHETA1,TYRB-DIMER,catalysis,87.076004,b4054,b4054,P04693,2.0
PPND,CHORISMUTPREPHENDEHYDROG-CPLX,catalysis,84.084008,b2600,b2600,P07023,2.0
PRAMPC,HISTCYCLOPRATPPHOS,catalysis,22.756,b2026,b2026,P06989,1.0
GLYCK2,GLY3KIN-MONOMER,catalysis,38.734,b0514,b0514,P77364,1.0
GLYCK2,GKI-MONOMER,catalysis,39.104,b3124,b3124,P23524,1.0
ACOTA,GABATRANSAM-CPLX,catalysis,91.55,b2662,b2662,P22256,2.0
ACOTA,SUCCORNTRANSAM-CPLX,secondary_catalysis,87.33,b1748,b1748,P77581,2.0
ACOTA,ACETYLORNTRANSAM-CPLX,catalysis,87.534004,b3359,b3359,P18335,2.0
ACOTA,G6646-MONOMER,secondary_catalysis,44.729004,b1302,b1302,P50457,1.0
SULR,SULFITE-REDUCT-CPLX,catalysis,786.152052,(b2764 and b2763),"b2764,b2763","P38038,P17846",12.0
PRAGSr,GLYCRIBONUCSYN-MONOMER,catalysis,45.940002,b4005,b4005,P15640,1.0
PRFGS,FGAMSYN-MONOMER,catalysis,141.40201,b2557,b2557,P15254,1.0
PSERT,PSERTRANSAM-CPLX,catalysis,79.566,b0907,b0907,P23721,2.0
AIRC2,PURK-CPLX,catalysis,78.922004,b0522,b0522,P09029,2.0
GAPD,GAPDH-A-CPLX,catalysis,142.128,b1779,b1779,P0A9B2,4.0
GND,6PGLUCONDEHYDROG-CPLX,catalysis,102.962006,b2029,b2029,P00350,2.0
G6PDH2r,GLU6PDEHYDROG-MONOMER,catalysis,55.704002,b1852,b1852,P0AC53,1.0
ME2,MALIC-NADP-CPLX,catalysis,659.33608,b2463,b2463,P76558,8.0
ARGSL,ARGSUCCINLYA-MONOMER,catalysis,50.318,b3960,b3960,P11447,1.0
CBPS,CARBPSYN-CPLX,catalysis,159.27300400000001,(b0033 and b0032),"b0033,b0032","P00968,P0A6F1",2.0
GLU5K,GLUTKIN-CPLX,catalysis,156.224016,b0242,b0242,P0A7B5,4.0
IPPS,2-ISOPROPYLMALATESYN-MONOMER,catalysis,57.298004,b0074,b0074,P09151,1.0
ACOATA,CPLX0-252,catalysis,67.030006,b1091,b1091,P0A6R0,2.0
ACOATA,ACP-MONOMER,non_catalytic_requirement,0.0,(b1094 and b2323),"b1094,b2323","P0A6A8,P0A953",-1.0
ACtex,CPLX0-7534,catalysis,117.999,b0929,b0929,P02931,3.0
ACtex,CPLX0-7533,catalysis,121.10400000000001,b2215,b2215,P06996,3.0
ACtex,CPLX0-7530,catalysis,116.76599999999999,b0241,b0241,P02932,3.0
ACtex,G6700-MONOMER,catalysis,41.22,b1377,b1377,P77747,1.0
ACALDtex,CPLX0-7534,catalysis,117.999,b0929,b0929,P02931,3.0
ACALDtex,CPLX0-7533,catalysis,121.10400000000001,b2215,b2215,P06996,3.0
ACALDtex,CPLX0-7530,catalysis,116.76599999999999,b0241,b0241,P02932,3.0
ACALDtex,G6700-MONOMER,catalysis,41.22,b1377,b1377,P77747,1.0
PSP_L,ALKAPHOSPHA-CPLX,secondary_catalysis,98.878006,b0383,b0383,P00634,2.0
PSP_L,APHA-CPLX,secondary_catalysis,104.416008,b4055,b4055,P0AE22,4.0
PSP_L,PSERPHOSPHA-MONOMER,catalysis,35.043003,b4388,b4388,P0AGB0,1.0
PSP_L,GPH-MONOMER,secondary_catalysis,27.389002,b3385,b3385,P32662,1.0
PSP_L,PGAM2-MONOMER,secondary_catalysis,24.065,b4395,b4395,P0A7A2,1.0
PSP_L,IMIDHISTID-CPLX,secondary_catalysis,80.556008,b2022,b2022,P06987,2.0
ADSK,ADENYLYLSULFKIN-CPLX,catalysis,44.642002,b2750,b2750,P0A6J1,2.0
SUCCt2_2pp,YCHM-MONOMER,catalysis,59.429005,b1206,b1206,P0AFR2,1.0
SUCCt2_2pp,EG11512-MONOMER,catalysis,20.071001,b0010,b0010,P0AC98,1.0
SUCCt2_2pp,DCTA-MONOMER,catalysis,45.436,b3528,b3528,P0A830,1.0
HSDy,ASPKINIIHOMOSERDEHYDROGII-CPLX,secondary_catalysis,177.776,b3940,b3940,P00562,2.0
HSDy,ASPKINIHOMOSERDEHYDROGI-CPLX,catalysis,356.48,b0002,b0002,P00561,4.0
CYSTL,CPLX0-8092,secondary_catalysis,87.284004,b1622,b1622,P23256,2.0
CYSTL,CYSTATHIONINE-BETA-LYASE-CPLX,catalysis,172.848,b3008,b3008,P06721,4.0
SHSL1,O-SUCCHOMOSERLYASE-CPLX,catalysis,166.200012,b3939,b3939,P00935,4.0
SULabcpp,ABC-7-CPLX,catalysis,182.563008,(b2422 and b2423 and b2424 and b2425),"b2422,b2423,b2424,b2425","P16676,P0AEB0,P16701,P16700",5.0
SULabcpp,ABC-70-CPLX,catalysis,181.607008,(b3917 and b2423 and b2424 and b2422),"b3917,b2423,b2424,b2422","P0AG78,P0AEB0,P16701,P16676",5.0
GLUtex,CPLX0-7534,catalysis,117.999,b0929,b0929,P02931,3.0
GLUtex,CPLX0-7533,catalysis,121.10400000000001,b2215,b2215,P06996,3.0
GLUtex,CPLX0-7530,catalysis,116.76599999999999,b0241,b0241,P02932,3.0
GLUtex,G6700-MONOMER,catalysis,41.22,b1377,b1377,P77747,1.0
AKGt2rpp,KGTP-MONOMER,catalysis,47.052002,b2587,b2587,P0AEX3,1.0
XYLt2pp,XYLE-MONOMER,catalysis,53.608,b4031,b4031,P0AGF4,1.0
GLYCtex,CPLX0-7534,catalysis,117.999,b0929,b0929,P02931,3.0
GLYCtex,CPLX0-7533,catalysis,121.10400000000001,b2215,b2215,P06996,3.0
GLYCtex,CPLX0-7530,catalysis,116.76599999999999,b0241,b0241,P02932,3.0
GLYCtex,G6700-MONOMER,catalysis,41.22,b1377,b1377,P77747,1.0
Htex,CPLX0-7534,catalysis,117.999,b0929,b0929,P02931,3.0
Htex,CPLX0-7533,catalysis,121.10400000000001,b2215,b2215,P06996,3.0
Htex,CPLX0-7530,catalysis,116.76599999999999,b0241,b0241,P02932,3.0
Htex,G6700-MONOMER,catalysis,41.22,b1377,b1377,P77747,1.0
H2Otex,CPLX0-7530,catalysis,116.76599999999999,b0241,b0241,P02932,3.0
H2Otex,CPLX0-7534,catalysis,117.999,b0929,b0929,P02931,3.0
H2Otex,CPLX0-7533,catalysis,121.10400000000001,b2215,b2215,P06996,3.0
H2Otex,spontaneous_pseudogene,spontaneous_reaction,0.0,s0001,s0001,,0.0
O2tpp,spontaneous_pseudogene,spontaneous_reaction,0.0,s0001,s0001,,0.0
PYRt2rpp,G7942-MONOMER,catalysis,77.324005,b4354,b4354,P39396,1.0
PYRt2rpp,EG10167-MONOMER,catalysis,75.105,b0598,b0598,P15078,1.0
THD2pp,PYRNUTRANSHYDROGEN-CPLX,catalysis,206.692006,(b1602 and b1603),"b1602,b1603","P0AB67,P07001",4.0
TKT2,TRANSKETOI-CPLX,catalysis,144.424012,b2935,b2935,P27302,2.0
TKT2,CPLX0-1261,secondary_catalysis,73.04301,b2465,b2465,P33570,1.0
ATPS4rpp,ATPSYN-CPLX,catalysis,530.0090210000001,((b3737 and b3736 and b3738) and (b3731 and b3735 and b3734 and b3733 and b3732)),"b3737,b3736,b3738,b3731,b3735,b3734,b3733,b3732","P68699,P0ABA0,P0AB98,P0A6E6,P0ABA4,P0ABB0,P0ABA6,P0ABB4",23.0
CO2tpp,spontaneous_pseudogene,spontaneous_reaction,0.0,s0001,s0001,,0.0
GK1,GUANYL-KIN-CPLX,catalysis,47.186,b3648,b3648,P60546,2.0
GLCNtex,CPLX0-7534,catalysis,117.999,b0929,b0929,P02931,3.0
GLCNtex,CPLX0-7533,catalysis,121.10400000000001,b2215,b2215,P06996,3.0
GLCNtex,CPLX0-7530,catalysis,116.76599999999999,b0241,b0241,P02932,3.0
GLCNtex,G6700-MONOMER,catalysis,41.22,b1377,b1377,P77747,1.0
GLNtex,CPLX0-7534,catalysis,117.999,b0929,b0929,P02931,3.0
GLNtex,CPLX0-7533,catalysis,121.10400000000001,b2215,b2215,P06996,3.0
GLNtex,CPLX0-7530,catalysis,116.76599999999999,b0241,b0241,P02932,3.0
GLNtex,G6700-MONOMER,catalysis,41.22,b1377,b1377,P77747,1.0
O2tex,CPLX0-7534,catalysis,117.999,b0929,b0929,P02931,3.0
O2tex,CPLX0-7533,catalysis,121.10400000000001,b2215,b2215,P06996,3.0
O2tex,CPLX0-7530,catalysis,116.76599999999999,b0241,b0241,P02932,3.0
O2tex,G6700-MONOMER,catalysis,41.22,b1377,b1377,P77747,1.0
D_LACtex,CPLX0-7534,catalysis,117.999,b0929,b0929,P02931,3.0
D_LACtex,CPLX0-7533,catalysis,121.10400000000001,b2215,b2215,P06996,3.0
D_LACtex,CPLX0-7530,catalysis,116.76599999999999,b0241,b0241,P02932,3.0
D_LACtex,G6700-MONOMER,catalysis,41.22,b1377,b1377,P77747,1.0
GLCtex_copy1,CPLX0-7534,catalysis,117.999,b0929,b0929,P02931,3.0
GLCtex_copy1,CPLX0-7533,catalysis,121.10400000000001,b2215,b2215,P06996,3.0
GLCtex_copy1,CPLX0-7530,catalysis,116.76599999999999,b0241,b0241,P02932,3.0
GLCtex_copy1,G6700-MONOMER,catalysis,41.22,b1377,b1377,P77747,1.0
GLCtex_copy1,CPLX0-7655,catalysis,149.736009,b4036,b4036,P02943,3.0
FUMt2_2pp,DCTA-MONOMER,catalysis,45.436,b3528,b3528,P0A830,1.0
FUMt2_2pp,YCHM-MONOMER,catalysis,59.429005,b1206,b1206,P0AFR2,1.0
PItex,CPLX0-7534,catalysis,117.999,b0929,b0929,P02931,3.0
PItex,CPLX0-7533,catalysis,121.10400000000001,b2215,b2215,P06996,3.0
PItex,CPLX0-7530,catalysis,116.76599999999999,b0241,b0241,P02932,3.0
PItex,G6700-MONOMER,catalysis,41.22,b1377,b1377,P77747,1.0
CYTBDpp,APP-UBIOX-CPLX,secondary_catalysis,103.9410061,(b0978 and b0979 and b4592),"b0978,b0979,b4592","P26459,P26458,P24244",3.0
CYTBDpp,CYT-D-UBIOX-CPLX,catalysis,107.6980034,(b0733 and b0734 and b4515 and b4602),"b0733,b0734,b4515,b4602","P0ABJ9,P0ABK2,P56100,A5A618",4.0
CYTBD2pp,APP-UBIOX-CPLX,secondary_catalysis,103.9410061,(b0978 and b0979 and b4592),"b0978,b0979,b4592","P26459,P26458,P24244",3.0
CYTBD2pp,CYT-D-UBIOX-CPLX,catalysis,107.6980034,(b0733 and b0734 and b4515 and b4602),"b0733,b0734,b4515,b4602","P0ABJ9,P0ABK2,P56100,A5A618",4.0
ACALDtpp,spontaneous_pseudogene,spontaneous_reaction,0.0,s0001,s0001,,0.0
ACt2rpp,EG11512-MONOMER,catalysis,20.071001,b0010,b0010,P0AC98,1.0
METS,HOMOCYSMETB12-MONOMER,catalysis,135.996,b4019,b4019,P13009,1.0
METS,HOMOCYSMET-MONOMER,catalysis,84.673004,b3829,b3829,P25665,1.0
FRUtex,CPLX0-7534,catalysis,117.999,b0929,b0929,P02931,3.0
FRUtex,CPLX0-7533,catalysis,121.10400000000001,b2215,b2215,P06996,3.0
FRUtex,CPLX0-7530,catalysis,116.76599999999999,b0241,b0241,P02932,3.0
FRUtex,G6700-MONOMER,catalysis,41.22,b1377,b1377,P77747,1.0
FUMtex,CPLX0-7534,catalysis,117.999,b0929,b0929,P02931,3.0
FUMtex,CPLX0-7533,catalysis,121.10400000000001,b2215,b2215,P06996,3.0
FUMtex,CPLX0-7530,catalysis,116.76599999999999,b0241,b0241,P02932,3.0
FUMtex,G6700-MONOMER,catalysis,41.22,b1377,b1377,P77747,1.0
PRASCSi,SAICARSYN-CPLX,catalysis,80.985,b2476,b2476,P0A7D7,3.0
MTHFC,FOLD-CPLX,catalysis,62.088,b0529,b0529,P24186,2.0
MTHFD,FOLD-CPLX,catalysis,62.088,b0529,b0529,P24186,2.0
XYLtex,CPLX0-7534,catalysis,117.999,b0929,b0929,P02931,3.0
XYLtex,CPLX0-7533,catalysis,121.10400000000001,b2215,b2215,P06996,3.0
XYLtex,CPLX0-7530,catalysis,116.76599999999999,b0241,b0241,P02932,3.0
XYLtex,G6700-MONOMER,catalysis,41.22,b1377,b1377,P77747,1.0
FORtppi,CPLX0-7843,catalysis,154.955005,b0904,b0904,P0AC23,5.0
FORtppi,FOCB-MONOMER,catalysis,30.565,b2492,b2492,P77733,1.0
PYRtex,CPLX0-7534,catalysis,117.999,b0929,b0929,P02931,3.0
PYRtex,CPLX0-7533,catalysis,121.10400000000001,b2215,b2215,P06996,3.0
PYRtex,CPLX0-7530,catalysis,116.76599999999999,b0241,b0241,P02932,3.0
PYRtex,G6700-MONOMER,catalysis,41.22,b1377,b1377,P77747,1.0
SO4tex,CPLX0-7534,catalysis,117.999,b0929,b0929,P02931,3.0
SO4tex,CPLX0-7533,catalysis,121.10400000000001,b2215,b2215,P06996,3.0
SO4tex,CPLX0-7530,catalysis,116.76599999999999,b0241,b0241,P02932,3.0
SO4tex,G6700-MONOMER,catalysis,41.22,b1377,b1377,P77747,1.0
SUCCtex,CPLX0-7534,catalysis,117.999,b0929,b0929,P02931,3.0
SUCCtex,CPLX0-7533,catalysis,121.10400000000001,b2215,b2215,P06996,3.0
SUCCtex,CPLX0-7530,catalysis,116.76599999999999,b0241,b0241,P02932,3.0
SUCCtex,G6700-MONOMER,catalysis,41.22,b1377,b1377,P77747,1.0
GRXR,GRXC-MONOMER,catalysis,9.137,b3610,b3610,P0AC62,1.0
GRXR,RED-GLUTAREDOXIN,catalysis,9.685,b0849,b0849,P68688,1.0
GRXR,GRXB-MONOMER,catalysis,24.35,b1064,b1064,P0AC59,1.0
GRXR,GLUTAREDOXINS,non_catalytic_requirement,0.0,(b0849 or b1064 or b3610),"b0849,b1064,b3610","P68688,P0AC59,P0AC62",3.0
RNDR1b,RIBONUCLEOSIDE-DIP-REDUCTII-CPLX,catalysis,233.844008,(b2675 and b2676),"b2675,b2676","P39452,P37146",4.0
RNDR1b,GLUTAREDOXINS,non_catalytic_requirement,0.0,(b0849 or b1064 or b3610),"b0849,b1064,b3610","P68688,P0AC59,P0AC62",3.0
RNDR2b,RIBONUCLEOSIDE-DIP-REDUCTII-CPLX,catalysis,233.844008,(b2675 and b2676),"b2675,b2676","P39452,P37146",4.0
RNDR2b,GLUTAREDOXINS,non_catalytic_requirement,0.0,(b0849 or b1064 or b3610),"b0849,b1064,b3610","P68688,P0AC59,P0AC62",3.0
MALt2_2pp,DCTA-MONOMER,catalysis,45.436,b3528,b3528,P0A830,1.0
NH4tpp,CPLX0-7532,catalysis,133.545009,b0451,b0451,P69681,3.0
NH4tpp,spontaneous_pseudogene,spontaneous_reaction,0.0,s0001,s0001,,0.0
NH4tex,CPLX0-7534,catalysis,117.999,b0929,b0929,P02931,3.0
NH4tex,CPLX0-7533,catalysis,121.10400000000001,b2215,b2215,P06996,3.0
NH4tex,CPLX0-7530,catalysis,116.76599999999999,b0241,b0241,P02932,3.0
NH4tex,G6700-MONOMER,catalysis,41.22,b1377,b1377,P77747,1.0
RIBabcpp,ABC-28-CPLX,catalysis,152.89601,(b3749 and b3750 and b3751 and b3748),"b3749,b3750,b3751,b3748","P04983,P0AGI1,P02925,P04982",14.0
RIBabcpp,ABC-42-CPLX,secondary_catalysis,158.287003,(b4087 and b4086 and b4088),"b4087,b4086,b4088","P32721,P32720,P39265",4.0
RIBabcpp,ABC-46-CPLX,secondary_catalysis,160.24200199999999,(b4231 and b4485 and b4230 and b4227),"b4231,b4485,b4230,b4227","P37772,Q6BEX0,P39328,P39325",4.0
GLYCAt2rpp,B2789-MONOMER,catalysis,49.142002,b2789,b2789,Q46916,1.0
GLYCAt2rpp,YHAU-MONOMER,catalysis,49.009003,b3127,b3127,P0AA80,1.0
GLYCAtex,CPLX0-7534,catalysis,117.999,b0929,b0929,P02931,3.0
GLYCAtex,CPLX0-7533,catalysis,121.10400000000001,b2215,b2215,P06996,3.0
GLYCAtex,CPLX0-7530,catalysis,116.76599999999999,b0241,b0241,P02932,3.0
GLYCAtex,G6700-MONOMER,catalysis,41.22,b1377,b1377,P77747,1.0
GLYCtpp,CPLX0-7654,catalysis,119.12,b3927,b3927,P0AER0,4.0
GLYCtpp,spontaneous_pseudogene,spontaneous_reaction,0.0,s0001,s0001,,0.0
H2Otpp,CPLX0-7653,catalysis,94.812004,b0875,b0875,P60844,4.0
H2Otpp,spontaneous_pseudogene,spontaneous_reaction,0.0,s0001,s0001,,0.0
GLNabcpp,ABC-12-CPLX,catalysis,129.38,(b0809 and b0810 and b0811),"b0809,b0810,b0811","P10346,P0AEQ6,P0AEQ3",5.0
CO2tex,CPLX0-7534,catalysis,117.999,b0929,b0929,P02931,3.0
CO2tex,CPLX0-7533,catalysis,121.10400000000001,b2215,b2215,P06996,3.0
CO2tex,CPLX0-7530,catalysis,116.76599999999999,b0241,b0241,P02932,3.0
CO2tex,G6700-MONOMER,catalysis,41.22,b1377,b1377,P77747,1.0
GLUt2rpp,GLTP-MONOMER,catalysis,47.159,b4077,b4077,P21345,1.0
ACGK,ACETYLGLUTKIN-CPLX,catalysis,54.318,b3959,b3959,P0A6C8,2.0
GNK,GLUCONOKINII-CPLX,catalysis,39.086002,b3437,b3437,P46859,2.0
GNK,GLUCONOKINI-MONOMER,catalysis,21.004002,b4268,b4268,P39208,1.0
GLUDy,GLUTAMATESYN-CPLX,secondary_catalysis,861.244012,(b3213 and b3212),"b3213,b3212","P09832,P09831",8.0
GLUDy,GDHA-CPLX,catalysis,291.486,b1761,b1761,P00370,6.0
GLCNt2rpp,GNTP-MONOMER,catalysis,47.138,b4321,b4321,P0AC94,1.0
GLCNt2rpp,GNTT-MONOMER,catalysis,45.967003,b3415,b3415,P39835,1.0
GLCNt2rpp,GNTU-MONOMER,catalysis,46.416,b4476,b4476,P0AC96,1.0
GLCNt2rpp,YJGT-MONOMER,catalysis,46.041,b4265,b4265,P39344,1.0
GLCptspp,CPLX-154,secondary_catalysis,132.966,b3722,b3722,P08722,2.0
GLCptspp,CPLX-165,secondary_catalysis,210.821012,(b1819 and b1818 and b1817),"b1819,b1818,b1817","P69805,P69801,P69797",7.0
GLCptspp,CPLX-157,catalysis,119.605005,(b1101 and b2417),"b1101,b2417","P69786,P69783",3.0
GLCptspp,CPLX0-7938,protein_requirement,127.124008,b2416,b2416,P08839,2.0
GLCptspp,PTSH-MONOMER,protein_requirement,9.119,b2415,b2415,P0AA04,1.0
HSTPT,HISTPHOSTRANS-CPLX,catalysis,78.72,b2021,b2021,P06986,2.0
THDPS,CPLX0-3181,catalysis,59.784004,b0166,b0166,P0A9D8,2.0
ATPM,EG11404-MONOMER,catalysis,39.667004,b1203,b1203,P0ABU2,1.0
ATPM,EG12045-MONOMER,catalysis,66.413,b2184,b2184,P33919,1.0
ATPM,CPLX0-8581,catalysis,677.52,b1653,b1653,P30015,4.0
THRD_L,THREDEHYDCAT-CPLX,secondary_catalysis,140.928008,b3117,b3117,P0AGF6,4.0
THRD_L,THREDEHYDSYN-CPLX,catalysis,224.780016,b3772,b3772,P04968,4.0
THRD_L,LSERINEDEAM1-MONOMER,secondary_catalysis,48.907,b1814,b1814,P16095,1.0
ETOHtex,CPLX0-7534,catalysis,117.999,b0929,b0929,P02931,3.0
ETOHtex,CPLX0-7533,catalysis,121.10400000000001,b2215,b2215,P06996,3.0
ETOHtex,CPLX0-7530,catalysis,116.76599999999999,b0241,b0241,P02932,3.0
ETOHtex,G6700-MONOMER,catalysis,41.22,b1377,b1377,P77747,1.0
RNDR2,RIBONUCLEOSIDE-DIP-REDUCTI-CPLX,catalysis,258.584004,(b2234 and b2235),"b2234,b2235","P00452,P69924",4.0
RNDR2,THIOREDOXINS,non_catalytic_requirement,0.0,(b3781 or b2582),"b3781,b2582","P0AA25,P0AGG4",2.0
DHFR,CPLX0-8571,secondary_catalysis,105.392004,b1606,b1606,P0AFS3,4.0
DHFR,DIHYDROFOLATEREDUCT-MONOMER,catalysis,17.999,b0048,b0048,P0ABQ4,1.0
PRAIi,PRAI-IGPS,catalysis,49.492,b1262,b1262,P00909,1.0
TYRTA,ASPAMINOTRANS-DIMER,catalysis,87.146,b0928,b0928,P00509,2.0
TYRTA,TYRB-DIMER,catalysis,87.076004,b4054,b4054,P04693,2.0
TYRTA,BRANCHED-CHAINAMINOTRANSFER-CPLX,secondary_catalysis,204.56400000000002,b3770,b3770,P0AB80,6.0
SHKK,AROK-MONOMER,catalysis,19.538,b3390,b3390,P0A6D7,1.0
SHKK,AROL-MONOMER,catalysis,19.151001,b0388,b0388,P0A6E1,1.0
GLUSy,GLUTAMATESYN-CPLX,catalysis,861.244012,(b3213 and b3212),"b3213,b3212","P09832,P09831",8.0
OMCDC,spontaneous_pseudogene,spontaneous_reaction,0.0,s0001,s0001,,0.0
IG3PS,GLUTAMIDOTRANS-CPLX,catalysis,50.107002,(b2023 and b2025),"b2023,b2025","P60595,P60664",2.0
PDH,PYRUVATEDEH-CPLX,catalysis,4586.592288,(b0114 and b0115 and b0116),"b0114,b0115,b0116","P0AFG8,P06959,P0A9P0",60.0
MTHFR2,METHYLENETHFREDUCT-CPLX,catalysis,132.412,b3941,b3941,P0AEZ1,4.0
DUTPDP,G7164-MONOMER,secondary_catalysis,16.371,b2251,b2251,P52006,1.0
DUTPDP,DUTP-PYROP-CPLX,catalysis,48.861,b3640,b3640,P06968,3.0
NTP5,G7841-MONOMER,catalysis,39.193,b4161,b4161,P39286,1.0
FORt2pp,CPLX0-7843,catalysis,154.955005,b0904,b0904,P0AC23,5.0
FORt2pp,FOCB-MONOMER,catalysis,30.565,b2492,b2492,P77733,1.0
GLNS,GLUTAMINESYN-OLIGOMER,catalysis,622.8480360000001,b3870,b3870,P0A9C5,12.0
ACGS,N-ACETYLTRANSFER-CPLX,catalysis,295.170024,b2818,b2818,P0A6C5,6.0
SUCOAS,SUCCCOASYN,catalysis,142.340004,(b0729 and b0728),"b0729,b0728","P0AGE9,P0A836",4.0
PRAIS,AIRS-CPLX,catalysis,73.708,b2499,b2499,P08178,2.0
HISTP,ALKAPHOSPHA-CPLX,secondary_catalysis,98.878006,b0383,b0383,P00634,2.0
HISTP,IMIDHISTID-CPLX,catalysis,80.556008,b2022,b2022,P06987,2.0
LDH_D,CPLX0-8158,catalysis,146.14,b1380,b1380,P52643,4.0
KAS15,CPLX0-252,catalysis,67.030006,b1091,b1091,P0A6R0,2.0
T2DECAI,FABA-CPLX,catalysis,37.938004,b0954,b0954,P0A6Q3,2.0
3OAS161,FABB-CPLX,catalysis,85.226006,b2323,b2323,P0A953,2.0
3OAS161,ACP-MONOMER,non_catalytic_requirement,0.0,(b1094 and b2323),"b1094,b2323","P0A6A8,P0A953",-1.0
DHQS,AROB-MONOMER,catalysis,38.881,b3389,b3389,P07639,1.0
EAR161x,CPLX0-8006,catalysis,111.456008,b1288,b1288,P0AEK4,4.0
PGCD,PGLYCDEHYDROG-CPLX,catalysis,176.704012,b2913,b2913,P0A9T0,4.0
MALtex,CPLX0-7534,catalysis,117.999,b0929,b0929,P02931,3.0
MALtex,CPLX0-7533,catalysis,121.10400000000001,b2215,b2215,P06996,3.0
MALtex,CPLX0-7530,catalysis,116.76599999999999,b0241,b0241,P02932,3.0
MALtex,G6700-MONOMER,catalysis,41.22,b1377,b1377,P77747,1.0
3OAS141,FABB-CPLX,catalysis,85.226006,b2323,b2323,P0A953,2.0
3OAS141,ACP-MONOMER,non_catalytic_requirement,0.0,(b1094 and b2323),"b1094,b2323","P0A6A8,P0A953",-1.0
3OAR121,CPLX0-8005,catalysis,102.240004,b1093,b1093,P0AEK2,4.0
ADSL1r,CPLX0-7959,catalysis,206.172012,b1131,b1131,P0AB89,4.0
AICART,AICARTRANSIMPCYCLO-CPLX,catalysis,57.329002,b4006,b4006,P15639,1.0
D_LACt2pp,B2975-MONOMER,catalysis,58.920002,b2975,b2975,Q46839,1.0
D_LACt2pp,LCTP-MONOMER,catalysis,59.168003,b3603,b3603,P33231,1.0
RIBtex,CPLX0-7534,catalysis,117.999,b0929,b0929,P02931,3.0
RIBtex,CPLX0-7533,catalysis,121.10400000000001,b2215,b2215,P06996,3.0
RIBtex,CPLX0-7530,catalysis,116.76599999999999,b0241,b0241,P02932,3.0
RIBtex,G6700-MONOMER,catalysis,41.22,b1377,b1377,P77747,1.0
FRUpts2pp,CPLX-165,catalysis,210.821012,(b1819 and b1818 and b1817),"b1819,b1818,b1817","P69805,P69801,P69797",7.0
FRUpts2pp,CPLX0-7938,protein_requirement,127.124008,b2416,b2416,P08839,2.0
FRUpts2pp,PTSH-MONOMER,protein_requirement,9.119,b2415,b2415,P0AA04,1.0
FORtex,CPLX0-7534,catalysis,117.999,b0929,b0929,P02931,3.0
FORtex,CPLX0-7533,catalysis,121.10400000000001,b2215,b2215,P06996,3.0
FORtex,CPLX0-7530,catalysis,116.76599999999999,b0241,b0241,P02932,3.0
FORtex,G6700-MONOMER,catalysis,41.22,b1377,b1377,P77747,1.0
PFK,6PFK-1-CPX,catalysis,139.368012,b3916,b3916,P0A796,4.0
PFK,6PFK-2-CPX,secondary_catalysis,64.912,b1723,b1723,P06999,2.0
PGM,PHOSGLYCMUTASE,catalysis,57.112004,b0755,b0755,P62707,2.0
PGM,PGMI-MONOMER,secondary_catalysis,56.194004,b3612,b3612,P37689,1.0
CYTBO3_4pp,CYT-O-UBIOX-CPLX,catalysis,143.931008,(b0429 and b0432 and b0431 and b0430),"b0429,b0432,b0431,b0430","P0ABJ6,P0ABJ1,P0ABI8,P0ABJ3",4.0
EAR141x,CPLX0-8006,catalysis,111.456008,b1288,b1288,P0AEK4,4.0
EAR181x,CPLX0-8006,catalysis,111.456008,b1288,b1288,P0AEK4,4.0
TPI,TPI,catalysis,53.944004,b3919,b3919,P0A858,2.0
RPI,RIB5PISOMA-CPLX,catalysis,45.72,b2914,b2914,P0A7Z0,2.0
RPI,RIB5PISOMB-CPLX,secondary_catalysis,32.146,b4090,b4090,P37351,2.0
3OAR120,CPLX0-8005,catalysis,102.240004,b1093,b1093,P0AEK2,4.0
3HAD80,FABZ-CPLX,catalysis,102.19800000000001,b0180,b0180,P0A6Q6,6.0
3HAD80,FABA-CPLX,catalysis,37.938004,b0954,b0954,P0A6Q3,2.0
3HAD120,FABZ-CPLX,catalysis,102.19800000000001,b0180,b0180,P0A6Q6,6.0
3HAD120,FABA-CPLX,catalysis,37.938004,b0954,b0954,P0A6Q3,2.0
EAR180x,CPLX0-8006,catalysis,111.456008,b1288,b1288,P0AEK4,4.0
AKGtex,CPLX0-7534,catalysis,117.999,b0929,b0929,P02931,3.0
AKGtex,CPLX0-7533,catalysis,121.10400000000001,b2215,b2215,P06996,3.0
AKGtex,CPLX0-7530,catalysis,116.76599999999999,b0241,b0241,P02932,3.0
AKGtex,G6700-MONOMER,catalysis,41.22,b1377,b1377,P77747,1.0
SO4t2pp,EG10003-MONOMER,catalysis,29.305002,b2413,b2413,P0A6J3,1.0
EAR180y,CPLX0-8006,catalysis,111.456008,b1288,b1288,P0AEK4,4.0
ACONTb,CPLX0-7761,catalysis,186.996,b0118,b0118,P36683,2.0
ACONTb,CPLX0-7760,catalysis,195.354,b1276,b1276,P25516,2.0
3HAD161,FABZ-CPLX,catalysis,102.19800000000001,b0180,b0180,P0A6Q6,6.0
SUCDi,CPLX0-8160,catalysis,355.07702099999995,(b0723 and b0724 and b0721 and b0722),"b0723,b0724,b0721,b0722","P0AC41,P07014,P69054,P0AC44",12.0
ASNS1,ASNSYNB-CPLX,catalysis,125.318008,b0674,b0674,P22106,2.0
EAR80y,CPLX0-8006,catalysis,111.456008,b1288,b1288,P0AEK4,4.0
EAR120y,CPLX0-8006,catalysis,111.456008,b1288,b1288,P0AEK4,4.0
3OAR181,CPLX0-8005,catalysis,102.240004,b1093,b1093,P0AEK2,4.0
3HAD121,FABZ-CPLX,catalysis,102.19800000000001,b0180,b0180,P0A6Q6,6.0
EAR140x,CPLX0-8006,catalysis,111.456008,b1288,b1288,P0AEK4,4.0
3OAS181,3-OXOACYL-ACP-SYNTHII-CPLX,catalysis,86.092,b1095,b1095,P0AAI5,2.0
3OAS181,ACP-MONOMER,non_catalytic_requirement,0.0,(b1094 and b2323),"b1094,b2323","P0A6A8,P0A953",-1.0
3OAS181,FABB-CPLX,secondary_catalysis,85.226006,b2323,b2323,P0A953,2.0
3OAS140,3-OXOACYL-ACP-SYNTHII-CPLX,catalysis,86.092,b1095,b1095,P0AAI5,2.0
3OAS140,FABB-CPLX,catalysis,85.226006,b2323,b2323,P0A953,2.0
3OAS140,ACP-MONOMER,non_catalytic_requirement,0.0,(b1094 and b2323),"b1094,b2323","P0A6A8,P0A953",-1.0
3OAR140,CPLX0-8005,catalysis,102.240004,b1093,b1093,P0AEK2,4.0
EAR160y,CPLX0-8006,catalysis,111.456008,b1288,b1288,P0AEK4,4.0
3OAR160,CPLX0-8005,catalysis,102.240004,b1093,b1093,P0AEK2,4.0
3HAD181,FABZ-CPLX,catalysis,102.19800000000001,b0180,b0180,P0A6Q6,6.0
EAR100y,CPLX0-8006,catalysis,111.456008,b1288,b1288,P0AEK4,4.0
3OAR141,CPLX0-8005,catalysis,102.240004,b1093,b1093,P0AEK2,4.0
3OAR161,CPLX0-8005,catalysis,102.240004,b1093,b1093,P0AEK2,4.0
3HAD141,FABZ-CPLX,catalysis,102.19800000000001,b0180,b0180,P0A6Q6,6.0
EAR121x,CPLX0-8006,catalysis,111.456008,b1288,b1288,P0AEK4,4.0
ACONTa,CPLX0-7761,catalysis,186.996,b0118,b0118,P36683,2.0
ACONTa,CPLX0-7760,catalysis,195.354,b1276,b1276,P25516,2.0
3HAD40,FABZ-CPLX,catalysis,102.19800000000001,b0180,b0180,P0A6Q6,6.0
3HAD40,FABA-CPLX,catalysis,37.938004,b0954,b0954,P0A6Q3,2.0
3OAS60,3-OXOACYL-ACP-SYNTHII-CPLX,catalysis,86.092,b1095,b1095,P0AAI5,2.0
3OAS60,FABB-CPLX,catalysis,85.226006,b2323,b2323,P0A953,2.0
3OAS60,ACP-MONOMER,non_catalytic_requirement,0.0,(b1094 and b2323),"b1094,b2323","P0A6A8,P0A953",-1.0
3OAS160,3-OXOACYL-ACP-SYNTHII-CPLX,catalysis,86.092,b1095,b1095,P0AAI5,2.0
3OAS160,FABB-CPLX,catalysis,85.226006,b2323,b2323,P0A953,2.0
3OAS160,ACP-MONOMER,non_catalytic_requirement,0.0,(b1094 and b2323),"b1094,b2323","P0A6A8,P0A953",-1.0
3OAR60,CPLX0-8005,catalysis,102.240004,b1093,b1093,P0AEK2,4.0
3OAR80,CPLX0-8005,catalysis,102.240004,b1093,b1093,P0AEK2,4.0
EAR100x,CPLX0-8006,catalysis,111.456008,b1288,b1288,P0AEK4,4.0
EAR120x,CPLX0-8006,catalysis,111.456008,b1288,b1288,P0AEK4,4.0
EAR160x,CPLX0-8006,catalysis,111.456008,b1288,b1288,P0AEK4,4.0
EAR140y,CPLX0-8006,catalysis,111.456008,b1288,b1288,P0AEK4,4.0
3OAS121,FABB-CPLX,catalysis,85.226006,b2323,b2323,P0A953,2.0
3OAS121,ACP-MONOMER,non_catalytic_requirement,0.0,(b1094 and b2323),"b1094,b2323","P0A6A8,P0A953",-1.0
3OAS80,3-OXOACYL-ACP-SYNTHII-CPLX,catalysis,86.092,b1095,b1095,P0AAI5,2.0
3OAS80,FABB-CPLX,catalysis,85.226006,b2323,b2323,P0A953,2.0
3OAS80,ACP-MONOMER,non_catalytic_requirement,0.0,(b1094 and b2323),"b1094,b2323","P0A6A8,P0A953",-1.0
3OAS100,3-OXOACYL-ACP-SYNTHII-CPLX,catalysis,86.092,b1095,b1095,P0AAI5,2.0
3OAS100,FABB-CPLX,catalysis,85.226006,b2323,b2323,P0A953,2.0
3OAS100,ACP-MONOMER,non_catalytic_requirement,0.0,(b1094 and b2323),"b1094,b2323","P0A6A8,P0A953",-1.0
3OAS120,3-OXOACYL-ACP-SYNTHII-CPLX,catalysis,86.092,b1095,b1095,P0AAI5,2.0
3OAS120,FABB-CPLX,catalysis,85.226006,b2323,b2323,P0A953,2.0
3OAS120,ACP-MONOMER,non_catalytic_requirement,0.0,(b1094 and b2323),"b1094,b2323","P0A6A8,P0A953",-1.0
3OAR40,CPLX0-8005,catalysis,102.240004,b1093,b1093,P0AEK2,4.0
3OAR100,CPLX0-8005,catalysis,102.240004,b1093,b1093,P0AEK2,4.0
3HAD60,FABZ-CPLX,catalysis,102.19800000000001,b0180,b0180,P0A6Q6,6.0
3HAD60,FABA-CPLX,catalysis,37.938004,b0954,b0954,P0A6Q3,2.0
3HAD100,FABZ-CPLX,catalysis,102.19800000000001,b0180,b0180,P0A6Q6,6.0
3HAD100,FABA-CPLX,catalysis,37.938004,b0954,b0954,P0A6Q3,2.0
3HAD140,FABZ-CPLX,catalysis,102.19800000000001,b0180,b0180,P0A6Q6,6.0
3HAD140,FABA-CPLX,catalysis,37.938004,b0954,b0954,P0A6Q3,2.0
3HAD160,FABZ-CPLX,catalysis,102.19800000000001,b0180,b0180,P0A6Q6,6.0
3HAD160,FABA-CPLX,catalysis,37.938004,b0954,b0954,P0A6Q3,2.0
EAR40x,CPLX0-8006,catalysis,111.456008,b1288,b1288,P0AEK4,4.0
EAR60y,CPLX0-8006,catalysis,111.456008,b1288,b1288,P0AEK4,4.0
EAR60x,CPLX0-8006,catalysis,111.456008,b1288,b1288,P0AEK4,4.0
EAR80x,CPLX0-8006,catalysis,111.456008,b1288,b1288,P0AEK4,4.0
3OAR180,CPLX0-8005,catalysis,102.240004,b1093,b1093,P0AEK2,4.0
3OAS180,3-OXOACYL-ACP-SYNTHII-CPLX,catalysis,86.092,b1095,b1095,P0AAI5,2.0
3OAS180,FABB-CPLX,catalysis,85.226006,b2323,b2323,P0A953,2.0
3OAS180,ACP-MONOMER,non_catalytic_requirement,0.0,(b1094 and b2323),"b1094,b2323","P0A6A8,P0A953",-1.0
3HAD180,FABZ-CPLX,catalysis,102.19800000000001,b0180,b0180,P0A6Q6,6.0
3HAD180,FABA-CPLX,catalysis,37.938004,b0954,b0954,P0A6Q3,2.0
NADH16pp,NADH-DHI-CPLX,catalysis,540.414009,(b2288 and b2282 and b2280 and b2279 and b2278 and b2277 and b2276 and (b2287 and b2286 and b2285 and b2284 and b2283 and b2281)),"b2288,b2282,b2280,b2279,b2278,b2277,b2276,b2287,b2286,b2285,b2284,b2283,b2281","P0AFC3,P0AFD4,P0AFE0,P0AFE4,P33607,P0AFE8,P0AFF0,P0AFC7,P33599,P0AFD1,P31979,P33602,P0AFD6",13.0
NADH17pp,NADH-DHI-CPLX,catalysis,540.414009,(b2288 and b2282 and b2280 and b2279 and b2278 and b2277 and b2276 and (b2287 and b2286 and b2285 and b2284 and b2283 and b2281)),"b2288,b2282,b2280,b2279,b2278,b2277,b2276,b2287,b2286,b2285,b2284,b2283,b2281","P0AFC3,P0AFD4,P0AFE0,P0AFE4,P33607,P0AFE8,P0AFF0,P0AFC7,P33599,P0AFD1,P31979,P33602,P0AFD6",13.0
ETOHtrpp,spontaneous_pseudogene,spontaneous_reaction,0.0,s0001,s0001,,0.0
VPAMTr,VALINE-PYRUVATE-AMINOTRANSFER-MONOMER,catalysis,46.711002,b3572,b3572,P09053,1.0
PIt2rpp,PITA-MONOMER,catalysis,53.389004,b3493,b3493,P0AFJ7,1.0
PIt2rpp,PITB-MONOMER,catalysis,53.809002,b2987,b2987,P43676,1.0
PItpp,EG11919-MONOMER,catalysis,59.467003,b4020,b4020,P0AF43,1.0
SUCCt1pp,YCHM-MONOMER,catalysis,59.429005,b1206,b1206,P0AFR2,1.0
SUCCt1pp,EG11512-MONOMER,catalysis,20.071001,b0010,b0010,P0AC98,1.0
SUCCt1pp,DCTA-MONOMER,catalysis,45.436,b3528,b3528,P0A830,1.0
